first_name,last_name,from_date,to_date,title
Hilari,Morton,1994-03-10,9999-01-01,Senior Staff
Ohad,Esposito,1998-08-06,9999-01-01,Technique Leader
Dipayan,Seghrouchni,1987-03-30,9999-01-01,Senior Staff
Kokou,Iisaka,1987-09-20,9999-01-01,Senior Staff
Teunis,Noriega,1999-02-12,9999-01-01,Technique Leader
Lech,Himler,1992-01-21,9999-01-01,Senior Staff
Juyoung,Seghrouchni,1993-08-02,9999-01-01,Senior Engineer
Keiichiro,Glinert,1993-09-16,9999-01-01,Engineer
Rasiah,Sudkamp,1995-04-18,9999-01-01,Senior Engineer
Morrie,Schurmann,1998-12-31,9999-01-01,Staff
Kazuhiko,Sidou,1991-09-01,9999-01-01,Technique Leader
Denny,Tchuente,1991-05-30,9999-01-01,Assistant Engineer
Sudhanshu,Demian,1994-07-23,9999-01-01,Senior Staff
Magdalena,Cannard,1994-04-22,9999-01-01,Engineer
Caolyn,Setiz,1990-02-06,9999-01-01,Senior Staff
Sastry,Marrevee,1999-09-25,9999-01-01,Engineer
Nakhoon,Luga,1986-12-18,9999-01-01,Senior Staff
Nikolaos,Kruskal,1990-12-17,9999-01-01,Engineer
Bouchung,Bugrara,1990-06-18,9999-01-01,Senior Staff
Arvin,Rabejac,1994-01-01,9999-01-01,Engineer
Remmert,Schahn,1986-09-06,9999-01-01,Senior Staff
Gaurav,Swick,1996-05-07,9999-01-01,Assistant Engineer
Morris,Garigliano,1995-05-24,9999-01-01,Senior Staff
Berry,DeMori,1992-12-27,9999-01-01,Engineer
Yaghout,Kenevan,2000-09-15,9999-01-01,Engineer
Zengping,Boreale,1998-12-16,9999-01-01,Staff
Gennady,Roison,1989-12-06,9999-01-01,Assistant Engineer
Filipp,Carrere,1989-01-09,9999-01-01,Technique Leader
Mabhin,Calkin,1989-11-30,9999-01-01,Engineer
Adil,Matzke,1987-05-08,9999-01-01,Engineer
Filipp,Rousseau,1995-06-07,9999-01-01,Engineer
Stafford,Honglei,1998-08-16,9999-01-01,Staff
Surveyors,Crouzet,1989-04-24,9999-01-01,Senior Staff
Taiji,Jarecki,1991-06-27,9999-01-01,Engineer
Elzbieta,Morris,1988-07-12,9999-01-01,Engineer
Satoru,Yoshizawa,1994-03-27,9999-01-01,Senior Staff
Ziva,Kowalchuk,1987-06-13,9999-01-01,Engineer
Utz,Heuter,1986-06-15,9999-01-01,Senior Staff
Kazunori,Peak,1999-08-13,9999-01-01,Senior Staff
Rafael,Skafidas,1991-03-28,9999-01-01,Engineer
Vidar,Demri,1999-12-31,9999-01-01,Staff
Candida,Benveniste,1999-01-20,9999-01-01,Engineer
Christoph,Trystram,1993-10-15,9999-01-01,Senior Staff
Otmar,Rothenberg,1989-03-14,9999-01-01,Engineer
Jianhui,Cangellaris,1991-10-06,9999-01-01,Assistant Engineer
Piyush,Danecki,2000-01-08,9999-01-01,Engineer
Yongmin,Lanteri,2002-03-19,9999-01-01,Senior Staff
Karsten,Azadmanesh,1985-11-29,9999-01-01,Senior Engineer
Mohammed,Brizzi,1991-12-28,9999-01-01,Senior Staff
Huai,Birch,2002-06-12,9999-01-01,Assistant Engineer
Perla,Jumpertz,1994-08-24,9999-01-01,Senior Staff
Jasminko,Bresenham,1994-01-19,9999-01-01,Senior Staff
Barry,Unno,1990-11-16,9999-01-01,Senior Staff
Manibrata,Genther,1988-01-15,9999-01-01,Engineer
Hilari,Fairtlough,1986-12-15,9999-01-01,Technique Leader
Jaana,Perez,1996-03-11,9999-01-01,Technique Leader
Roddy,Rubsam,1993-09-19,9999-01-01,Senior Engineer
Lubomir,Wroclawski,1993-07-25,9999-01-01,Engineer
Zhonghui,Conta,1994-09-10,9999-01-01,Staff
Anwar,Passafiume,1987-01-30,9999-01-01,Senior Staff
Cordelia,Gischer,1989-03-14,9999-01-01,Engineer
Ingmar,Basawa,1991-11-09,9999-01-01,Senior Staff
Nevin,Rodham,1998-12-14,9999-01-01,Senior Staff
Jiakeng,Kalorkoti,1994-12-25,9999-01-01,Engineer
Zongyan,Dalphin,1988-04-23,9999-01-01,Engineer
Wanqing,Krohm,1991-01-22,9999-01-01,Senior Staff
Piyawadee,Leppanen,1999-02-25,9999-01-01,Senior Staff
Shuji,Kandlur,1990-03-02,9999-01-01,Engineer
Manu,Rosiles,1998-03-03,9999-01-01,Senior Staff
Falguni,Pezzoli,1996-12-23,9999-01-01,Engineer
Tooru,Veldwijk,1993-11-21,9999-01-01,Senior Staff
Xinglin,Mitsuhashi,1988-12-14,9999-01-01,Engineer
Chenxi,Sundgren,1986-09-02,9999-01-01,Senior Engineer
Tua,Giveon,1998-09-09,9999-01-01,Technique Leader
Xumin,Thorensen,1998-04-26,9999-01-01,Staff
Gilbert,Calkin,1988-03-21,9999-01-01,Senior Staff
Satoru,Vidal,1998-05-02,9999-01-01,Assistant Engineer
Valery,Mersereau,1998-07-01,9999-01-01,Assistant Engineer
Kolar,Steenbeek,1986-10-18,9999-01-01,Senior Engineer
Jouko,Hellwagner,2000-10-23,9999-01-01,Senior Engineer
Pranay,Giarratana,1992-09-29,9999-01-01,Senior Engineer
Kousuke,Vecchio,1990-02-23,9999-01-01,Engineer
Tetsushi,Conta,1995-07-04,9999-01-01,Senior Staff
Mayuko,Skafidas,1999-04-19,9999-01-01,Technique Leader
Leon,Potthoff,1985-12-08,9999-01-01,Engineer
Randi,Avouris,1986-07-16,9999-01-01,Engineer
Sailaja,Chvatal,1999-05-18,9999-01-01,Staff
Gudjon,Majewski,1999-10-26,9999-01-01,Senior Engineer
Yakkov,Samarati,1997-10-10,9999-01-01,Senior Staff
Divine,Sidhu,1989-07-05,9999-01-01,Senior Staff
Leandro,Gist,1993-02-03,9999-01-01,Technique Leader
Abdelwaheb,Dulin,1993-08-05,9999-01-01,Senior Engineer
Oksana,Zultner,1991-03-23,9999-01-01,Senior Staff
Harngdar,Schapire,1996-11-09,9999-01-01,Engineer
Mark,Lalonde,1996-11-24,9999-01-01,Staff
Murthy,Peek,2000-10-30,9999-01-01,Engineer
Terresa,Peres,1990-09-15,9999-01-01,Senior Staff
Atreye,Stanger,1993-09-10,9999-01-01,Assistant Engineer
Ingmar,Nannarelli,1988-06-10,9999-01-01,Senior Staff
Radoslaw,Maliniak,2001-09-18,9999-01-01,Staff
Tadahiko,Melton,1995-01-07,9999-01-01,Engineer
Jessie,Thorelli,1999-12-16,9999-01-01,Senior Staff
Steen,Fasbender,1993-02-14,9999-01-01,Technique Leader
Anwar,Collette,2001-02-03,9999-01-01,Senior Engineer
Angel,Sichman,1988-11-16,9999-01-01,Senior Staff
Kyoichi,Callaway,1990-12-30,9999-01-01,Senior Staff
Chinhyun,Bauknecht,1986-12-19,9999-01-01,Senior Engineer
Naftaly,Foong,1991-05-10,9999-01-01,Engineer
Felicidad,Kumaresan,1994-09-06,9999-01-01,Senior Staff
Erzsebet,Shigei,1995-01-16,9999-01-01,Senior Engineer
Moni,Kohling,2001-09-18,9999-01-01,Staff
Ennio,Babu,1994-08-31,9999-01-01,Senior Engineer
Bokyung,Stamatiou,1991-02-12,9999-01-01,Technique Leader
Jiang,Waschkowski,1989-05-27,9999-01-01,Engineer
Leif,Ashish,1994-10-14,9999-01-01,Senior Staff
Chandrasekaran,Peek,1990-09-17,9999-01-01,Engineer
Ashish,Talmon,1999-02-28,9999-01-01,Engineer
Oscar,Kusalik,1991-05-11,9999-01-01,Senior Staff
Ulf,Oberman,1997-03-15,9999-01-01,Senior Engineer
Serif,Gladwell,1987-03-06,9999-01-01,Senior Staff
Fen,Genin,1986-05-09,9999-01-01,Senior Staff
Uma,Reinhard,1997-11-01,9999-01-01,Staff
Hailing,Levergood,2000-01-12,9999-01-01,Staff
Kotesh,Rajala,1992-06-23,9999-01-01,Engineer
Jeong,Undy,1985-02-13,9999-01-01,Senior Staff
Suzette,Butterworth,1994-02-19,9999-01-01,Senior Engineer
Michaela,Randi,1985-11-23,9999-01-01,Engineer
Masasuke,Babu,1988-03-31,9999-01-01,Engineer
Fumiko,Deverell,1987-08-15,9999-01-01,Senior Staff
JoAnne,Baez,1987-02-16,9999-01-01,Senior Engineer
Huei,Orsini,1986-06-04,9999-01-01,Engineer
Shuichi,Ruemmler,1998-04-08,9999-01-01,Senior Staff
Martijn,Vendrig,1997-03-03,9999-01-01,Senior Staff
Changho,Cappelli,1996-05-04,9999-01-01,Staff
Rimon,Kawashima,1992-02-06,9999-01-01,Senior Staff
Mahmut,Lampe,1985-05-11,9999-01-01,Engineer
Otmar,Sudbeck,1998-07-22,9999-01-01,Staff
Toshiki,Ghazalie,1991-12-05,9999-01-01,Senior Staff
Sudhanshu,Boissier,1985-05-11,9999-01-01,Engineer
Spyrose,Felder,1997-10-20,9999-01-01,Senior Engineer
Harngdar,Bernardinello,1988-02-29,9999-01-01,Engineer
Michaela,Ramsak,1992-12-21,9999-01-01,Senior Staff
Shimshon,Aingworth,1986-04-13,9999-01-01,Senior Staff
Marla,Cherinka,1986-12-01,9999-01-01,Technique Leader
Petter,Thummel,1995-12-24,9999-01-01,Technique Leader
Bikash,Buchter,1996-01-08,9999-01-01,Senior Staff
Willard,Vernadat,1997-03-04,9999-01-01,Engineer
Keung,Schapiro,2001-02-08,9999-01-01,Senior Engineer
Xiong,Uhrik,1988-03-21,9999-01-01,Senior Engineer
Yucai,Simmen,1987-10-13,9999-01-01,Senior Staff
Shuji,Remmers,1987-12-18,9999-01-01,Senior Staff
Brigham,Eterovic,1994-10-08,9999-01-01,Engineer
Shaleah,Eickenmeyer,1993-10-09,9999-01-01,Senior Staff
Yucel,Lortz,1995-02-21,9999-01-01,Engineer
Maha,Waterhouse,1997-07-04,9999-01-01,Senior Staff
Huei,Boguraev,1993-12-31,9999-01-01,Senior Staff
Phillip,Oxenboll,1999-05-26,9999-01-01,Engineer
Alenka,Ritcey,1997-02-09,9999-01-01,Engineer
Maria,Eppinger,1997-01-30,9999-01-01,Engineer
Mingzeng,Sadowski,1989-11-12,9999-01-01,Senior Engineer
Mark,Schwaller,1994-08-10,9999-01-01,Senior Staff
Volkmar,Uhrik,1988-01-16,9999-01-01,Engineer
Sariel,Wynblatt,1996-05-18,9999-01-01,Assistant Engineer
Dulce,Speel,1987-10-19,9999-01-01,Engineer
Zhaofang,Penn,1997-07-24,9999-01-01,Senior Staff
Wuxu,Trogemann,1997-01-27,9999-01-01,Senior Staff
Junsik,Berendt,1988-04-27,9999-01-01,Senior Engineer
Tooru,Daescu,1998-03-20,9999-01-01,Senior Staff
Pasqua,Maraist,1993-12-06,9999-01-01,Engineer
Toong,Litecky,1989-03-01,9999-01-01,Senior Staff
Marco,Usdin,1996-10-29,9999-01-01,Engineer
Gonzalo,Binkley,1985-08-16,9999-01-01,Engineer
Naraig,Jenevein,1987-01-18,9999-01-01,Senior Engineer
Juyoung,Vieri,1991-08-12,9999-01-01,Senior Staff
Edwin,Haldar,1995-07-12,9999-01-01,Senior Staff
Sariel,Massonet,1987-11-20,9999-01-01,Senior Staff
Hitomi,Schaap,1999-09-27,9999-01-01,Staff
Leen,Lamparter,1993-06-07,9999-01-01,Engineer
Yuichiro,Malabarba,1994-03-07,9999-01-01,Senior Staff
Filipp,Akaboshi,1992-05-20,9999-01-01,Senior Staff
Kazuhisa,Benantar,1990-03-30,9999-01-01,Senior Staff
Filipp,Flanders,1990-11-26,9999-01-01,Engineer
Lena,Peek,1991-05-16,9999-01-01,Engineer
Tze,Bach,1999-03-09,9999-01-01,Engineer
Siddarth,Cappelletti,1999-09-10,9999-01-01,Staff
Baocai,Leaver,1998-08-05,9999-01-01,Senior Staff
Xinan,Rindone,1996-10-08,9999-01-01,Engineer
Mooi,Stafford,1996-10-06,9999-01-01,Senior Engineer
Aron,Harbusch,1997-10-02,9999-01-01,Staff
Boguslaw,Snedden,1985-02-20,9999-01-01,Senior Staff
Marie,Khalid,1996-06-11,9999-01-01,Senior Engineer
Chriss,Fasbender,1995-05-23,9999-01-01,Staff
Theirry,Albarhamtoshy,1991-09-27,9999-01-01,Senior Staff
Youngkon,Rohrbach,1989-10-20,9999-01-01,Engineer
Rosine,Lakshmanan,1986-01-31,9999-01-01,Engineer
Chikako,Armand,1985-05-18,9999-01-01,Senior Engineer
Phule,Heijenga,1996-12-08,9999-01-01,Senior Staff
Trygve,Krupka,1994-03-11,9999-01-01,Senior Staff
Adas,Denti,1986-05-30,9999-01-01,Senior Staff
Jouni,Munoz,1996-10-07,9999-01-01,Senior Staff
Augustine,Mungall,1994-01-13,9999-01-01,Engineer
Arup,Colorni,1996-02-05,9999-01-01,Senior Staff
Shugo,Yurek,1992-08-28,9999-01-01,Senior Staff
Alain,Penn,1986-05-03,9999-01-01,Technique Leader
Khalil,Picci,1998-11-24,9999-01-01,Engineer
Lobel,Werthner,1988-03-17,9999-01-01,Engineer
Premsyl,Lortz,1993-02-01,9999-01-01,Senior Staff
Eberhardt,Carrera,1999-02-23,9999-01-01,Staff
Sham,Vasanthakumar,1993-05-24,9999-01-01,Senior Staff
Zdislav,Mandelberg,1994-09-11,9999-01-01,Engineer
Jiafu,Marchegay,1985-03-02,9999-01-01,Engineer
Bodo,Schade,1986-02-14,9999-01-01,Senior Staff
Arnould,Gaughan,1991-01-23,9999-01-01,Engineer
Shaowen,Segond,1986-01-06,9999-01-01,Engineer
Etsuo,Serot,1989-06-14,9999-01-01,Senior Staff
Sumant,Nergos,1994-03-02,9999-01-01,Senior Staff
Breannda,Cangellaris,2000-01-27,9999-01-01,Staff
Adit,Syrotiuk,1993-07-16,9999-01-01,Engineer
Shih,Lindqvist,1995-03-29,9999-01-01,Senior Engineer
Jianwen,Litzler,1987-06-17,9999-01-01,Engineer
Adin,Scallan,1987-09-15,9999-01-01,Senior Staff
Makato,Remmers,1989-04-16,9999-01-01,Engineer
Remzi,Douceur,1992-12-01,9999-01-01,Engineer
Sigeru,Nivat,1991-10-24,9999-01-01,Senior Staff
Olivera,Hanabata,1986-11-10,9999-01-01,Senior Staff
Roded,Picco,1993-11-06,9999-01-01,Assistant Engineer
Nagui,Gruenwald,1997-06-14,9999-01-01,Engineer
Menkae,Chinin,1998-08-27,9999-01-01,Senior Engineer
Sanjoy,Boudaillier,1989-12-27,9999-01-01,Engineer
Bezalel,Karner,1994-09-27,9999-01-01,Staff
Shigenori,Sullins,1988-02-24,9999-01-01,Senior Staff
Mariusz,Vural,1993-11-14,9999-01-01,Engineer
Ziya,Zambonelli,1999-06-29,9999-01-01,Engineer
Yechiam,Cairo,2000-10-21,9999-01-01,Senior Staff
Gennady,Liesche,1987-12-02,9999-01-01,Senior Staff
Palash,Trelles,1998-11-18,9999-01-01,Engineer
Ronnie,Pollock,1990-06-19,9999-01-01,Technique Leader
Zita,Hiltgen,1999-01-26,9999-01-01,Staff
Zsolt,Riefers,1987-09-25,9999-01-01,Senior Staff
Steen,Salvesen,1993-02-03,9999-01-01,Technique Leader
Heekeun,Emmart,1995-09-23,9999-01-01,Assistant Engineer
Surveyors,Bade,1990-04-11,9999-01-01,Senior Staff
Erzsebet,Claffy,1999-02-19,9999-01-01,Staff
Jeanna,Stemann,1988-08-29,9999-01-01,Engineer
Moty,Mersereau,1991-09-03,9999-01-01,Senior Staff
Bedir,Siegrist,1997-05-13,9999-01-01,Engineer
Rildo,Masaki,1990-01-14,9999-01-01,Engineer
Tetsushi,Sridhar,1989-10-19,9999-01-01,Senior Staff
Leszek,Werthner,1999-03-03,9999-01-01,Staff
Cheong,Uhrik,2002-05-09,9999-01-01,Engineer
Dannz,Ohori,1997-04-13,9999-01-01,Senior Staff
Kasidit,Papsdorf,1993-08-17,9999-01-01,Engineer
Woody,Rusmann,1993-02-26,9999-01-01,Assistant Engineer
Heeju,Cappelli,1987-01-15,9999-01-01,Engineer
Karlis,Nanard,1992-09-19,9999-01-01,Engineer
Adel,Bressoud,1995-08-30,9999-01-01,Engineer
Tetsushi,Tanemo,1997-03-01,9999-01-01,Engineer
Hiroyasu,Seuren,1989-03-05,9999-01-01,Senior Engineer
Hinrich,Scallan,1999-04-04,9999-01-01,Staff
Heekeun,Slaats,1999-01-12,9999-01-01,Senior Staff
Falguni,Cherinka,1987-10-15,9999-01-01,Senior Engineer
Sedat,Itzigehl,1997-07-31,9999-01-01,Engineer
Laurentiu,Benzmuller,1999-11-08,9999-01-01,Senior Engineer
Golgen,Schoegge,1988-02-26,9999-01-01,Senior Staff
Tsutomu,Rebaine,1986-09-17,9999-01-01,Engineer
Atilio,Segond,1990-11-29,9999-01-01,Engineer
Zsolt,Brender,1996-02-21,9999-01-01,Senior Staff
Shin,Piveteau,1985-04-19,9999-01-01,Engineer
Krister,Pappas,1999-09-30,9999-01-01,Staff
Eldridge,Eldridge,1994-08-04,9999-01-01,Engineer
Jeane,Tasistro,1994-07-06,9999-01-01,Technique Leader
Aksel,Picaronny,1991-01-27,9999-01-01,Engineer
Patricia,Pepe,1991-04-19,9999-01-01,Senior Staff
Mandell,Alameldin,1989-04-08,9999-01-01,Senior Staff
Domenico,Candan,1997-07-13,9999-01-01,Engineer
Dung,Leaver,1998-04-04,9999-01-01,Staff
Jianhao,Tomescu,1996-08-26,9999-01-01,Engineer
Deniz,Thibadeau,1994-09-27,9999-01-01,Engineer
Yonghong,Baig,1999-04-10,9999-01-01,Staff
Aiman,Rosaz,1990-05-22,9999-01-01,Engineer
Sadok,Lorys,1987-05-10,9999-01-01,Senior Staff
Fumitaka,Roohalamini,1998-06-27,9999-01-01,Staff
Aiman,Gargeya,1985-03-07,9999-01-01,Engineer
Munenori,Debuse,1990-11-08,9999-01-01,Senior Engineer
Yucai,Seghrouchni,1989-06-09,9999-01-01,Engineer
Chinhyun,Rassart,1993-07-29,9999-01-01,Senior Engineer
Jaques,DiGiano,1992-04-01,9999-01-01,Technique Leader
Shietung,Shrader,1995-08-05,9999-01-01,Senior Staff
Shuky,Redmiles,1994-11-19,9999-01-01,Senior Staff
Miyeon,Rothe,1991-04-09,9999-01-01,Senior Staff
Chinya,Cooke,1997-01-29,9999-01-01,Engineer
Lalit,Unni,1999-01-31,9999-01-01,Assistant Engineer
Tru,Miyakawa,1990-09-03,9999-01-01,Senior Staff
Arumugam,Nitta,1990-03-23,9999-01-01,Senior Engineer
Domenick,Basart,1996-01-05,9999-01-01,Senior Staff
Sajjad,Vitiello,1992-02-17,9999-01-01,Senior Staff
Pranjal,Schapiro,1986-12-14,9999-01-01,Senior Staff
Kinh,Buchter,1986-03-29,9999-01-01,Engineer
Cathie,Peck,2001-03-04,9999-01-01,Engineer
Kristinn,Olano,1989-10-03,9999-01-01,Senior Engineer
Hitomi,Takanami,1997-12-15,9999-01-01,Assistant Engineer
Adil,Laventhal,1992-05-13,9999-01-01,Assistant Engineer
Sajjad,Waeselynck,1999-09-13,9999-01-01,Engineer
Feiyu,Siepmann,1998-10-01,9999-01-01,Senior Engineer
Naraig,Veldwijk,1989-07-10,9999-01-01,Engineer
Honglan,Hutton,1993-10-04,9999-01-01,Engineer
Takahira,Szilard,1988-01-16,9999-01-01,Senior Staff
Froduald,Feldhoffer,1993-03-16,9999-01-01,Senior Engineer
Shigeo,Merey,1985-07-30,9999-01-01,Senior Engineer
Qingxiang,Badache,1989-06-25,9999-01-01,Engineer
Anneke,Bernardeschi,2000-10-15,9999-01-01,Engineer
Holgard,Weiland,1991-09-24,9999-01-01,Senior Engineer
Hiroyasu,Provine,1994-11-25,9999-01-01,Engineer
Masako,Bonifati,1987-04-09,9999-01-01,Senior Staff
Yuuichi,Conde,1989-03-08,9999-01-01,Assistant Engineer
Shuky,Jakobus,1986-06-16,9999-01-01,Engineer
Kyoichi,Erman,1996-07-25,9999-01-01,Engineer
Kolar,Hinsberger,1986-10-20,9999-01-01,Engineer
Arif,Preusig,1992-04-02,9999-01-01,Senior Engineer
Tristan,Mitsuhashi,1994-07-13,9999-01-01,Engineer
Faiza,Garnham,1986-03-02,9999-01-01,Technique Leader
Xinglin,Birge,1992-03-05,9999-01-01,Senior Staff
Niranjan,Schaaf,1989-11-05,9999-01-01,Technique Leader
Ronghao,Picaronny,1993-06-09,9999-01-01,Assistant Engineer
Ashish,Ratnaker,2000-01-17,9999-01-01,Senior Staff
Susumu,Fritzsche,1998-06-23,9999-01-01,Engineer
Leucio,Cappelli,1997-08-22,9999-01-01,Staff
Conor,Ghandeharizadeh,1985-05-25,9999-01-01,Senior Engineer
Katsuo,Hockney,1999-11-07,9999-01-01,Technique Leader
Guiseppe,Ellozy,1991-01-12,9999-01-01,Senior Engineer
Jeong,Cunliffe,1996-10-27,9999-01-01,Senior Staff
Arnd,Peir,1986-12-11,9999-01-01,Senior Engineer
Sanjoy,Barreiro,1988-04-09,9999-01-01,Senior Staff
Fei,Murtagh,1986-01-19,9999-01-01,Senior Staff
Kazuhisa,Weiland,1985-11-09,9999-01-01,Senior Staff
Shakhar,Baik,1993-12-01,9999-01-01,Staff
Stella,Figueira,1990-03-14,9999-01-01,Senior Staff
Shaowen,Eldridge,1987-12-05,9999-01-01,Senior Staff
Koldo,Luit,1995-04-16,9999-01-01,Engineer
Shigeo,Linnainmaa,1985-07-30,9999-01-01,Senior Engineer
Harjit,Bardell,1991-05-24,9999-01-01,Engineer
Jaewon,Boissier,1992-05-24,9999-01-01,Engineer
Larisa,Kornyak,2000-02-07,9999-01-01,Technique Leader
Divine,Ghandeharizadeh,1997-11-28,9999-01-01,Staff
Sreekrishna,Brender,1990-03-22,9999-01-01,Engineer
Yechezkel,Perfilyeva,1994-11-03,9999-01-01,Engineer
Poornachandra,Wilharm,1991-04-20,9999-01-01,Engineer
Stevo,Thambidurai,1989-10-27,9999-01-01,Senior Staff
Uwe,Koblick,1998-04-04,9999-01-01,Engineer
Shigeu,Claffy,1998-12-19,9999-01-01,Engineer
Alselm,Rikino,1990-11-16,9999-01-01,Engineer
Francesca,Ellozy,1999-08-08,9999-01-01,Senior Engineer
Shigeichiro,Engelmann,1994-01-09,9999-01-01,Engineer
Breannda,Collavizza,1989-10-12,9999-01-01,Engineer
Leaf,Baak,1994-09-05,9999-01-01,Senior Staff
Ohad,Kilgore,2000-10-10,9999-01-01,Engineer
Manohar,Harllee,1987-03-11,9999-01-01,Senior Engineer
Zsolt,Hagimont,1996-10-08,9999-01-01,Senior Staff
Babette,Eugenio,1997-09-21,9999-01-01,Staff
Shuichi,Nanard,1989-03-14,9999-01-01,Senior Engineer
Eberhardt,Barriga,1987-06-04,9999-01-01,Senior Staff
Kristina,Baumann,1996-09-26,9999-01-01,Assistant Engineer
Shiv,Aumann,1998-06-14,9999-01-01,Senior Engineer
Tommaso,Vidya,1998-05-02,9999-01-01,Engineer
Sverrir,Neimat,1996-11-03,9999-01-01,Staff
Parke,Unno,1996-07-01,9999-01-01,Engineer
Shin,Fujisaki,1988-02-23,9999-01-01,Technique Leader
Ferdinand,Rosiles,1997-07-08,9999-01-01,Senior Staff
Younwoo,Luders,1998-12-08,9999-01-01,Engineer
Chiradeep,Callaway,1999-07-30,9999-01-01,Staff
Yongdong,Pollock,1998-03-17,9999-01-01,Staff
Udi,Merks,1997-08-15,9999-01-01,Engineer
Pasqua,Taubman,1986-06-23,9999-01-01,Senior Staff
Kristine,Clemencon,1993-06-01,9999-01-01,Senior Staff
Ronghao,Segond,1993-09-13,9999-01-01,Senior Engineer
Jaewon,Thummel,1985-09-14,9999-01-01,Senior Staff
Oldrich,Woycyznski,1985-05-15,9999-01-01,Engineer
Zhenhua,Lorys,1995-08-21,9999-01-01,Engineer
JoAnne,Anido,1995-09-15,9999-01-01,Staff
Keung,Neiman,1997-04-13,9999-01-01,Staff
Quingbo,Coombs,1999-01-17,9999-01-01,Senior Engineer
Khun,Janetzko,1989-09-13,9999-01-01,Assistant Engineer
Yongmin,Roccetti,1986-12-10,9999-01-01,Senior Staff
Conor,Thorensen,1988-02-24,9999-01-01,Senior Engineer
Goo,Bresenham,1999-01-31,9999-01-01,Senior Staff
Lena,Cannane,2000-01-28,9999-01-01,Engineer
Jungsoon,Birsak,1985-04-03,9999-01-01,Technique Leader
Vasiliy,Ratnaker,1995-08-09,9999-01-01,Engineer
Vojin,Coombs,1995-07-23,9999-01-01,Senior Staff
Mang,Hedayat,1995-05-22,9999-01-01,Engineer
Otmar,Birjandi,1985-03-23,9999-01-01,Engineer
Tetsushi,Theuretzbacher,1990-02-01,9999-01-01,Senior Staff
Conal,Yetto,1991-01-12,9999-01-01,Senior Staff
Along,Erol,1992-10-16,9999-01-01,Senior Staff
Mansur,Comyn,1999-08-31,9999-01-01,Engineer
Guther,Rothenberg,1991-08-08,9999-01-01,Senior Staff
Pranjal,Rossi,1998-07-07,9999-01-01,Staff
Aiman,Mawatari,1988-05-01,9999-01-01,Engineer
Xiadong,Shinomoto,1997-05-24,9999-01-01,Engineer
Alexius,Ibel,1988-04-24,9999-01-01,Engineer
Arnould,Weedman,1989-07-28,9999-01-01,Senior Staff
Vivian,Guerreiro,1991-07-08,9999-01-01,Assistant Engineer
Renny,Bale,1989-11-22,9999-01-01,Engineer
Bader,Denis,1997-10-06,9999-01-01,Engineer
Koichi,Assaf,1990-05-26,9999-01-01,Engineer
Fumiko,Chepyzhov,1988-01-28,9999-01-01,Senior Staff
Yonghoan,Trogemann,1988-09-23,9999-01-01,Assistant Engineer
Rajmohan,DasSarma,1985-09-14,9999-01-01,Senior Staff
Kazuhisa,Melter,1987-07-16,9999-01-01,Senior Staff
Lucien,Schwartzburd,1988-08-25,9999-01-01,Engineer
Yahiko,Hebden,1996-10-03,9999-01-01,Engineer
Gunilla,Milicic,1998-01-09,9999-01-01,Staff
Lobel,Stafford,1998-11-29,9999-01-01,Staff
Jamaludin,Nilsson,1987-01-15,9999-01-01,Senior Staff
Dmitry,Msuda,1988-10-22,9999-01-01,Senior Staff
Aria,Kilgore,1992-04-11,9999-01-01,Engineer
Visit,McFarlan,1987-10-22,9999-01-01,Engineer
Zhanqiu,Farrow,1999-01-10,9999-01-01,Assistant Engineer
Ranga,Merro,1996-05-11,9999-01-01,Assistant Engineer
Mang,Atchley,1995-06-07,9999-01-01,Senior Staff
Claude,Candan,1993-08-04,9999-01-01,Senior Staff
Anyuan,Kropatsch,1986-09-05,9999-01-01,Senior Staff
Huei,Hutter,1993-01-28,9999-01-01,Engineer
Jaques,Kabayashi,1992-03-13,9999-01-01,Senior Engineer
Richara,Walston,1996-08-27,9999-01-01,Senior Engineer
Magdalena,Penn,1997-01-04,9999-01-01,Engineer
Arie,Coullard,2000-03-28,9999-01-01,Senior Staff
Kristina,Neimat,1988-04-18,9999-01-01,Technique Leader
Ramzi,Cronau,1999-09-03,9999-01-01,Technique Leader
Aran,Cesareni,2001-11-20,9999-01-01,Senior Staff
Hitofumi,Zaccaria,1988-11-22,9999-01-01,Engineer
Heping,Matheson,1988-06-24,9999-01-01,Engineer
Yishai,Cappelli,1997-01-30,9999-01-01,Staff
Kristin,Guerreiro,1989-08-23,9999-01-01,Engineer
Rasiah,Koblick,1991-08-21,9999-01-01,Senior Staff
Alair,Lyonns,1997-07-12,9999-01-01,Engineer
Gianluca,Ramaiah,1993-11-29,9999-01-01,Engineer
Kristinn,Loncour,1995-02-08,9999-01-01,Engineer
Nobuyoshi,Hegner,1994-09-07,9999-01-01,Senior Staff
Kokou,Garrabrants,1997-11-05,9999-01-01,Senior Engineer
Mohan,Tasistro,1996-02-10,9999-01-01,Engineer
Arumugam,Vecchio,1985-08-14,9999-01-01,Engineer
Jeanna,Chinen,1989-01-01,9999-01-01,Engineer
Haldon,Janetzko,1990-09-11,9999-01-01,Senior Staff
Avishai,Hegner,1993-05-08,9999-01-01,Senior Staff
Sumali,Huttel,1989-09-12,9999-01-01,Senior Staff
Ziya,Kadhim,1999-06-24,9999-01-01,Senior Engineer
Florina,Assaf,1996-05-18,9999-01-01,Staff
Shugo,Reeken,1999-06-21,9999-01-01,Staff
Xiaobin,Christianini,1985-12-25,9999-01-01,Senior Staff
Carrsten,Francisci,1991-06-16,9999-01-01,Senior Engineer
Dhritiman,Anily,1998-12-16,9999-01-01,Staff
Mahendra,Motley,1985-09-28,9999-01-01,Senior Staff
Hisao,Peral,1990-10-03,9999-01-01,Engineer
Heejo,Aamodt,1992-04-22,9999-01-01,Engineer
Abdelaziz,Sury,1991-01-31,9999-01-01,Senior Staff
Mori,Homond,1994-05-10,9999-01-01,Senior Staff
Mantis,Millington,1991-03-18,9999-01-01,Senior Staff
Adin,Templeman,1999-08-12,9999-01-01,Engineer
Djenana,Albarhamtoshy,1988-07-16,9999-01-01,Senior Staff
Visit,Swen,1995-10-02,9999-01-01,Senior Staff
Susanne,Peternell,1994-07-27,9999-01-01,Engineer
Beshir,Hellwagner,1998-02-03,9999-01-01,Engineer
Heping,Halloran,1992-04-08,9999-01-01,Assistant Engineer
Pranjal,Zyda,1991-07-03,9999-01-01,Senior Staff
Werner,Lodder,1992-06-17,9999-01-01,Senior Staff
Parviz,Litzler,1992-08-08,9999-01-01,Engineer
Kwun,Reeker,1999-07-29,9999-01-01,Technique Leader
Diederik,Matzov,1995-03-08,9999-01-01,Engineer
Mohamadou,Stafford,1995-09-12,9999-01-01,Engineer
Haldun,Lienhardt,1987-01-29,9999-01-01,Senior Staff
Sachem,Cromarty,1990-08-20,9999-01-01,Assistant Engineer
Naftali,Schurmann,1992-12-02,9999-01-01,Engineer
Nevio,Thisen,1988-03-25,9999-01-01,Senior Staff
Lijie,Garrabrants,1988-10-26,9999-01-01,Senior Staff
Babette,Anandan,1986-11-22,9999-01-01,Senior Staff
Siamak,Luiz,1987-02-11,9999-01-01,Senior Engineer
Fabrizio,Chleq,1999-07-31,9999-01-01,Senior Engineer
Shahab,Crooks,1992-03-18,9999-01-01,Senior Staff
Ramya,Walston,1989-02-03,9999-01-01,Senior Staff
Hisao,Ghemri,1985-11-14,9999-01-01,Senior Staff
Randi,Samarati,1992-10-20,9999-01-01,Senior Staff
Shai,Stellhorn,1992-05-21,9999-01-01,Senior Engineer
Oksana,Baek,1989-07-20,9999-01-01,Senior Staff
Jamaludin,Kandlur,1992-06-19,9999-01-01,Senior Engineer
Gor,Delgrande,2002-06-18,9999-01-01,Engineer
Moty,Winter,1991-04-28,9999-01-01,Technique Leader
Bangqing,Schach,1988-03-22,9999-01-01,Senior Staff
Menkae,Etalle,1997-05-21,9999-01-01,Assistant Engineer
Stamatina,Auyong,1988-07-05,9999-01-01,Senior Staff
Mani,Cannata,1989-06-21,9999-01-01,Senior Staff
Arco,Walston,1999-08-16,9999-01-01,Engineer
Hatem,Fadgyas,1991-11-13,9999-01-01,Senior Engineer
Godehard,Chorvat,1988-04-10,9999-01-01,Senior Staff
Chuanti,Luff,1994-09-21,9999-01-01,Senior Staff
Akemi,Fujisaki,2001-11-13,9999-01-01,Senior Engineer
Kirk,Quaggetto,1987-06-30,9999-01-01,Engineer
Dinah,Denos,1992-09-21,9999-01-01,Senior Staff
Susumu,Camurati,1991-12-15,9999-01-01,Senior Staff
Alejandra,Khasidashvili,1994-07-30,9999-01-01,Staff
Anneli,Perl,1992-09-08,9999-01-01,Senior Staff
Fan,Kakkad,1988-02-25,9999-01-01,Senior Staff
Genta,Terekhov,1998-07-21,9999-01-01,Assistant Engineer
Waiman,Genin,1988-10-30,9999-01-01,Engineer
Sudharsan,DeMori,1992-03-30,9999-01-01,Engineer
Ortrun,Schmiedel,1997-07-18,9999-01-01,Engineer
Gully,Perko,1999-07-07,9999-01-01,Engineer
Zvonko,Murthy,1992-01-07,9999-01-01,Senior Staff
Morris,Saoudi,1991-11-22,9999-01-01,Engineer
Kerhong,Matzke,1986-11-14,9999-01-01,Engineer
Isaac,Koshino,1995-09-28,9999-01-01,Senior Engineer
Giordano,Pietrzykowski,1987-03-26,9999-01-01,Senior Staff
Hugh,Jonsson,1991-07-06,9999-01-01,Senior Staff
Zongyan,Gips,1997-05-31,9999-01-01,Technique Leader
Ewing,DiGiano,2000-02-01,9999-01-01,Technique Leader
Sasan,Thimonier,1996-08-21,9999-01-01,Senior Staff
Yefim,Marwedel,1993-03-30,9999-01-01,Senior Staff
Jessie,Nooteboom,2000-12-13,9999-01-01,Staff
Susuma,Bergere,1996-02-25,9999-01-01,Senior Staff
Arve,Worfolk,1985-04-01,9999-01-01,Senior Staff
Gretta,Huttel,1990-10-08,9999-01-01,Senior Engineer
Hein,Lichtner,1998-05-02,9999-01-01,Senior Staff
Franziska,Maginnis,1986-02-17,9999-01-01,Engineer
Susanne,Mandelberg,1990-11-02,9999-01-01,Engineer
Yahiko,Awdeh,1998-08-05,9999-01-01,Engineer
Moni,Kornyak,1991-09-26,9999-01-01,Technique Leader
Leszek,Spinelli,1998-12-10,9999-01-01,Staff
Mary,Setiz,1989-01-13,9999-01-01,Senior Engineer
Stabislas,Broder,1996-07-16,9999-01-01,Engineer
Kien,Barreiro,2000-10-24,9999-01-01,Staff
Youjian,Yetto,1994-12-07,9999-01-01,Senior Staff
Limsoon,Skafidas,1999-08-10,9999-01-01,Senior Staff
Aiichiro,Kusalik,1990-10-04,9999-01-01,Engineer
Yucai,Fabrizio,1999-10-06,9999-01-01,Staff
Guadalupe,Pfau,1993-03-22,9999-01-01,Senior Staff
Tzu,Sichman,1987-11-17,9999-01-01,Engineer
Jacqueline,Akaboshi,1997-12-06,9999-01-01,Engineer
Zhiguo,Ariola,1994-09-07,9999-01-01,Senior Staff
Kellie,Schrooten,1991-01-17,9999-01-01,Assistant Engineer
Shuji,Barbanera,1987-08-10,9999-01-01,Senior Staff
Baziley,Falck,1995-02-18,9999-01-01,Assistant Engineer
Chinya,Kamble,1992-05-31,9999-01-01,Senior Staff
Remko,Vieth,1990-11-22,9999-01-01,Senior Staff
Manu,Rothenberg,1988-12-06,9999-01-01,Engineer
Shen,Flanders,1989-07-03,9999-01-01,Senior Staff
Larisa,Lukaszewicz,1996-10-30,9999-01-01,Senior Staff
Phillip,Schade,1989-03-03,9999-01-01,Engineer
Pranjal,Juneja,1985-03-21,9999-01-01,Senior Engineer
Xinyu,Edelhoff,1997-10-26,9999-01-01,Senior Engineer
Krassimir,Garnier,1998-01-26,9999-01-01,Senior Staff
Dante,Covnot,1989-05-28,9999-01-01,Senior Staff
Nimmagadda,Baak,1987-10-30,9999-01-01,Assistant Engineer
Shalesh,Lovengreen,1990-09-29,9999-01-01,Senior Staff
Lihong,Zeilberger,1996-04-28,9999-01-01,Staff
Gino,Lagarias,1997-06-22,9999-01-01,Engineer
Saniya,Stenning,1986-12-10,9999-01-01,Senior Staff
Werner,Ranze,1998-06-05,9999-01-01,Staff
Domenico,Ratnaker,1985-03-24,9999-01-01,Engineer
Gao,Ranze,1994-11-24,9999-01-01,Engineer
Anwar,Bain,1989-01-22,9999-01-01,Engineer
Leni,Henders,1993-11-19,9999-01-01,Senior Staff
Sailaja,Holburn,1991-03-04,9999-01-01,Senior Staff
Claudi,Stanfel,1996-01-07,9999-01-01,Engineer
Yongmao,Fontan,1993-07-26,9999-01-01,Engineer
Tru,Danecki,1997-03-31,9999-01-01,Staff
Pranas,Narwekar,1985-09-26,9999-01-01,Engineer
Armond,Perly,1989-09-14,9999-01-01,Engineer
Xiaoqiang,Cardazo,1993-05-28,9999-01-01,Senior Staff
Rayond,Klassen,1993-09-11,9999-01-01,Senior Staff
Peer,Molberg,1996-11-17,9999-01-01,Engineer
Ingmar,Kohling,1995-04-25,9999-01-01,Engineer
Shirish,Vickson,1989-10-24,9999-01-01,Engineer
Arfst,Chepyzhov,1989-02-06,9999-01-01,Engineer
Gopalakrishnan,Angel,1997-07-05,9999-01-01,Engineer
Dinkar,Hoppenstand,1994-05-04,9999-01-01,Engineer
Flemming,Kroha,1995-01-23,9999-01-01,Staff
Munehiro,Manders,1987-05-18,9999-01-01,Senior Staff
Sven,Speer,1999-07-08,9999-01-01,Staff
Pramod,Loncour,1987-03-31,9999-01-01,Senior Staff
Sahrah,Angiulli,1986-07-31,9999-01-01,Senior Staff
Aiichiro,Cromarty,1995-06-10,9999-01-01,Engineer
Byong,Gustavson,1985-03-12,9999-01-01,Senior Engineer
Xiaocheng,Suermann,1997-12-15,9999-01-01,Engineer
Ashish,Vidya,1989-06-16,9999-01-01,Engineer
Lena,Lenart,1990-12-25,9999-01-01,Senior Staff
Otmar,Engberts,1993-08-16,9999-01-01,Senior Staff
Masami,Puoti,2000-01-21,9999-01-01,Senior Engineer
Yuchang,Eldridge,1986-08-01,9999-01-01,Senior Staff
Yannik,Spelt,1992-09-22,9999-01-01,Technique Leader
Abdelwaheb,Denis,1993-09-10,9999-01-01,Engineer
Horward,Marzano,1996-04-11,9999-01-01,Staff
Jianhao,Molenaar,1987-10-22,9999-01-01,Engineer
Panayotis,Lukaszewicz,1989-06-06,9999-01-01,Engineer
Shay,Servieres,1998-08-06,9999-01-01,Senior Staff
Mokhtar,Poupard,1992-02-02,9999-01-01,Technique Leader
Jiong,Garnham,1990-01-02,9999-01-01,Senior Staff
Unal,DuBourdieux,1996-03-13,9999-01-01,Engineer
Kristine,Bierman,1988-05-13,9999-01-01,Technique Leader
Aemilian,Kusalik,1987-05-27,9999-01-01,Engineer
Marsal,Acton,1995-08-02,9999-01-01,Staff
Subhrajyoti,Denna,1996-07-25,9999-01-01,Staff
Moie,Zastre,1991-10-11,9999-01-01,Technique Leader
Susanna,Reeken,1998-03-16,9999-01-01,Senior Staff
Demos,Asser,1985-11-04,9999-01-01,Senior Engineer
Reinhard,Slaats,1994-06-08,9999-01-01,Engineer
Poorav,Laventhal,1997-08-16,9999-01-01,Staff
Sibyl,Rabehasaina,1998-02-23,9999-01-01,Senior Staff
Poornachandra,Zielinski,1996-02-13,9999-01-01,Senior Staff
Yuping,Babb,1995-01-31,9999-01-01,Senior Staff
Shigenori,Deville,1992-12-24,9999-01-01,Technique Leader
Nahid,Gyimothy,1995-08-18,9999-01-01,Staff
Perla,Orlowska,1998-10-13,9999-01-01,Senior Engineer
Tesuya,dAstous,1988-11-29,9999-01-01,Engineer
Saddek,Farris,1990-11-06,9999-01-01,Senior Staff
Abdulah,Pocchiola,1996-08-28,9999-01-01,Engineer
Djenana,Marrevee,1994-02-06,9999-01-01,Engineer
Sangeeta,Kalefeld,1990-06-06,9999-01-01,Senior Staff
Stein,Uludag,1988-01-30,9999-01-01,Senior Staff
Miyeon,Billingsley,1992-12-05,9999-01-01,Senior Engineer
Matt,Chvatal,1994-11-09,9999-01-01,Senior Engineer
Valdiodio,Schlumberger,1993-08-07,9999-01-01,Assistant Engineer
Badri,Schapire,1998-01-19,9999-01-01,Assistant Engineer
Kazuhiko,Kushner,1995-08-01,9999-01-01,Senior Engineer
Annemarie,Zallocco,1996-12-01,9999-01-01,Engineer
Limsoon,Erol,1997-12-31,9999-01-01,Senior Engineer
Gopalakrishnan,Suermann,1991-04-30,9999-01-01,Engineer
Leaf,Awdeh,1992-10-02,9999-01-01,Senior Staff
Hidefumi,Moehrke,1998-03-04,9999-01-01,Staff
Chiranjit,Dredge,1999-09-05,9999-01-01,Technique Leader
Annemarie,Bressoud,1998-06-23,9999-01-01,Engineer
Perry,Chachaty,1985-07-22,9999-01-01,Engineer
True,Shobatake,1996-05-17,9999-01-01,Senior Staff
George,Miake,1988-01-02,9999-01-01,Senior Staff
Remmert,Quaggetto,1992-04-28,9999-01-01,Senior Staff
Masasuke,Genin,1994-06-25,9999-01-01,Assistant Engineer
Ipke,Kieras,1995-12-18,9999-01-01,Engineer
Ramalingam,Remmele,1999-09-03,9999-01-01,Senior Engineer
Mooi,Cooman,1989-06-07,9999-01-01,Engineer
Giordano,Gini,1993-08-14,9999-01-01,Technique Leader
Herbert,Erva,1986-09-06,9999-01-01,Engineer
Gio,Murtha,1986-11-11,9999-01-01,Engineer
Macha,Schnabel,1988-05-11,9999-01-01,Engineer
Mikhail,Rousseau,1998-11-30,9999-01-01,Staff
Garnik,Luce,1998-09-15,9999-01-01,Staff
Francesca,Azuma,1996-06-08,9999-01-01,Senior Staff
IEEE,Kroll,1998-02-17,9999-01-01,Engineer
Yuriy,Plump,1988-09-08,9999-01-01,Senior Staff
Bilhanan,Brendel,1990-12-23,9999-01-01,Senior Staff
Nahla,Smailagic,1993-02-12,9999-01-01,Engineer
Berry,Yurek,1995-08-16,9999-01-01,Senior Staff
Fabrizio,Lichtman,1987-02-09,9999-01-01,Engineer
Harjit,Terekhov,1995-10-19,9999-01-01,Staff
Pohua,Tasistro,1994-11-04,9999-01-01,Technique Leader
Paloma,Henseler,1991-06-11,9999-01-01,Engineer
Gilbert,Kilgour,1996-04-05,9999-01-01,Staff
Moni,Schach,1986-07-04,9999-01-01,Senior Staff
Ewing,Millington,1999-09-28,9999-01-01,Engineer
Jamaludin,Fordan,1992-02-06,9999-01-01,Engineer
Tadahiro,Backhouse,1991-10-02,9999-01-01,Engineer
Bezalel,Radivojevic,1988-07-02,9999-01-01,Senior Staff
Renny,Alameldin,1997-09-28,9999-01-01,Assistant Engineer
Yinghua,Lorho,1991-08-09,9999-01-01,Senior Staff
Kolar,Puppo,1990-04-25,9999-01-01,Engineer
Shahar,Negoita,1994-03-19,9999-01-01,Senior Staff
Dietrich,Crabtree,1986-05-24,9999-01-01,Senior Staff
Takushi,Brattka,1999-06-03,9999-01-01,Staff
Trygve,Siksek,1995-11-09,9999-01-01,Staff
Nectarios,Pramanik,1999-11-18,9999-01-01,Assistant Engineer
Chandrasekaran,Pearson,1995-04-14,9999-01-01,Staff
Goetz,Alvarado,1988-12-25,9999-01-01,Engineer
Etsuo,Anandan,1989-12-13,9999-01-01,Senior Staff
Nitsan,Rouquie,1988-08-01,9999-01-01,Engineer
Barry,Ramsak,1990-09-07,9999-01-01,Engineer
Tesuya,Bugrara,1993-02-13,9999-01-01,Assistant Engineer
Alselm,Gargeya,1987-12-25,9999-01-01,Senior Engineer
Khalid,Lenart,1995-12-24,9999-01-01,Engineer
Fay,Sundgren,1990-07-07,9999-01-01,Senior Staff
Etsuo,Usery,1995-03-02,9999-01-01,Engineer
Cedric,Riefers,1994-09-08,9999-01-01,Engineer
Zissis,Lodder,2000-05-27,9999-01-01,Engineer
Kotesh,Chachaty,1991-03-25,9999-01-01,Engineer
Baziley,Ballarin,1987-07-28,9999-01-01,Senior Staff
Kellie,Heydon,1985-11-11,9999-01-01,Engineer
Luerbio,Terkki,1991-05-14,9999-01-01,Senior Staff
Foong,Aamodt,1986-06-28,9999-01-01,Senior Engineer
Irena,Dratva,1991-09-07,9999-01-01,Senior Staff
Sverrir,Gyimothy,1995-07-30,9999-01-01,Senior Staff
Gro,Prochazka,1992-10-16,9999-01-01,Engineer
Anneli,Joslin,1987-04-12,9999-01-01,Senior Engineer
Gio,Heuser,1992-06-28,9999-01-01,Senior Staff
Henk,Anger,1993-01-19,9999-01-01,Senior Staff
Sampalli,Bergere,1994-04-08,9999-01-01,Senior Engineer
Jayesh,Spinelli,1999-01-16,9999-01-01,Senior Engineer
IEEE,Raczkowsky,1996-07-24,9999-01-01,Technique Leader
Yechezkel,Maginnis,1992-12-11,9999-01-01,Senior Staff
Insup,Reinhard,1985-04-08,9999-01-01,Senior Staff
Almudena,Rijckaert,1994-02-16,9999-01-01,Engineer
Huan,Olivero,1999-11-19,9999-01-01,Staff
Adel,Foote,2000-03-20,9999-01-01,Staff
Miomir,Frezza,1991-05-25,9999-01-01,Technique Leader
Uno,Suppi,1996-12-27,9999-01-01,Staff
Vishv,Angelov,1988-03-08,9999-01-01,Senior Staff
Minghong,Cronin,1987-10-04,9999-01-01,Senior Staff
Tadahiko,Pocchiola,1996-04-02,9999-01-01,Staff
Abdulla,Kitai,1987-02-20,9999-01-01,Senior Staff
Susumu,Brender,1993-04-17,9999-01-01,Engineer
Vesna,Fairtlough,2002-05-07,9999-01-01,Engineer
Sugwoo,Michaels,1992-08-02,9999-01-01,Engineer
Arunas,Bugrara,1997-04-03,9999-01-01,Assistant Engineer
Bilhanan,Dusink,1988-06-04,9999-01-01,Senior Staff
Oscal,Ernst,1992-05-19,9999-01-01,Senior Staff
Mizuhito,Kobara,1996-08-09,9999-01-01,Senior Staff
True,Tischendorf,1986-01-19,9999-01-01,Engineer
Kolar,Greenaway,1998-11-14,9999-01-01,Staff
Mack,Staylopatis,1985-04-02,9999-01-01,Engineer
Temple,Cyre,1992-09-30,9999-01-01,Senior Staff
Francesca,Chorvat,1992-03-17,9999-01-01,Senior Staff
Cedric,Molenaar,1990-10-06,9999-01-01,Engineer
Jagoda,Anguita,1993-05-11,9999-01-01,Senior Engineer
Uri,Lampe,2001-12-11,9999-01-01,Senior Staff
Emran,Miara,1989-05-02,9999-01-01,Engineer
Atilio,Olivero,1985-09-04,9999-01-01,Engineer
Limsoon,Boudaillier,1999-08-08,9999-01-01,Senior Engineer
Bluma,Fetvedt,2001-11-14,9999-01-01,Senior Staff
Herb,Murrill,2001-10-28,9999-01-01,Senior Engineer
Tomokazu,Pargas,1996-11-15,9999-01-01,Assistant Engineer
Richara,Sudkamp,1989-09-05,9999-01-01,Senior Staff
Bingning,Iisaku,1989-06-26,9999-01-01,Senior Staff
Kazuyasu,Levergood,1996-02-10,9999-01-01,Engineer
Bowen,Deverell,1998-12-27,9999-01-01,Senior Staff
Kazunori,Perz,1999-02-25,9999-01-01,Senior Engineer
Abdulah,Lodder,1996-11-10,9999-01-01,Senior Staff
Marjo,Delgrange,1990-06-24,9999-01-01,Senior Staff
Arch,Basawa,1998-05-10,9999-01-01,Staff
Mokhtar,Rebaine,1991-07-23,9999-01-01,Senior Staff
Masoud,Suwa,1998-10-10,9999-01-01,Senior Staff
Boaz,Seuren,1987-03-27,9999-01-01,Senior Staff
Rosli,Butner,1991-03-20,9999-01-01,Assistant Engineer
Poorav,Clouatre,1996-05-06,9999-01-01,Senior Engineer
Shigenori,Hertweck,1987-04-13,9999-01-01,Engineer
Arunachalam,Oppitz,1986-05-20,9999-01-01,Senior Staff
Filipp,Winter,1996-10-24,9999-01-01,Engineer
Gift,Bottner,1995-03-04,9999-01-01,Senior Staff
Manohar,Kilgore,1998-11-17,9999-01-01,Staff
Zhongwei,Melski,1987-09-04,9999-01-01,Engineer
George,Casperson,2000-01-20,9999-01-01,Staff
Alper,Tiemann,1998-10-29,9999-01-01,Engineer
Shuzo,Czaja,1997-11-29,9999-01-01,Staff
Tianruo,Strooper,2001-12-07,9999-01-01,Senior Staff
Shih,Shanbhogue,1998-04-19,9999-01-01,Staff
Seongbae,Schahn,1992-12-10,9999-01-01,Senior Staff
Xiaobin,Narlikar,1992-02-14,9999-01-01,Senior Staff
Tzu,Bakhtari,1994-03-18,9999-01-01,Engineer
Masako,Bahk,1997-07-31,9999-01-01,Engineer
Chiranjit,Constantine,1997-05-25,9999-01-01,Engineer
Xiong,Anick,1991-04-23,9999-01-01,Senior Staff
Abdelghani,Lagarias,1985-09-06,9999-01-01,Engineer
Sajjan,Falby,1996-08-29,9999-01-01,Staff
Jaana,Milicia,1985-06-02,9999-01-01,Senior Staff
Snehasis,Muhlberg,1994-12-25,9999-01-01,Senior Staff
Percy,Sudbeck,1996-08-29,9999-01-01,Assistant Engineer
Hideyuki,Decleir,1994-05-04,9999-01-01,Senior Engineer
Ute,Pokrovskii,1997-06-09,9999-01-01,Staff
Ayonca,Matzov,1988-06-03,9999-01-01,Engineer
Dmitry,Velardi,1995-10-20,9999-01-01,Engineer
Nechama,Gaughan,1993-07-09,9999-01-01,Assistant Engineer
Jolita,Neimat,1993-12-27,9999-01-01,Engineer
Steen,Gubsky,1989-01-14,9999-01-01,Senior Staff
Georgi,Luiz,1991-06-10,9999-01-01,Engineer
Ranga,Sommen,1989-01-20,9999-01-01,Senior Staff
Alexius,Plavsic,2000-01-17,9999-01-01,Senior Engineer
Kish,Turnbull,1987-02-10,9999-01-01,Engineer
Hinrich,Hooghiemstra,1985-10-05,9999-01-01,Senior Staff
Yucel,Bernini,1993-02-19,9999-01-01,Engineer
Pintsang,Impagliazzo,1989-05-06,9999-01-01,Senior Staff
Divier,Kumaresan,1992-12-05,9999-01-01,Senior Staff
Utpal,DuBourdieux,1997-11-19,9999-01-01,Technique Leader
Shichao,Iwayama,1989-10-17,9999-01-01,Assistant Engineer
Bezalel,Tsunoo,1992-06-17,9999-01-01,Senior Staff
Moty,Sommen,1990-08-14,9999-01-01,Senior Engineer
Mitsuyuki,Zockler,1998-09-14,9999-01-01,Technique Leader
Chaosheng,Conta,1997-04-14,9999-01-01,Assistant Engineer
Gill,Niizuma,1994-10-08,9999-01-01,Engineer
Sanjeeva,Peron,1993-12-26,9999-01-01,Engineer
Thodoros,Thimonier,1995-04-05,9999-01-01,Engineer
Insup,Hainaut,1998-02-11,9999-01-01,Staff
Stafford,Terlouw,1999-02-21,9999-01-01,Assistant Engineer
Huiqun,Trystram,1993-05-10,9999-01-01,Senior Engineer
Gunilla,Brendel,1992-04-10,9999-01-01,Engineer
Armond,Lores,1999-09-16,9999-01-01,Technique Leader
Tonny,Couchot,1994-12-12,9999-01-01,Staff
Huan,Roccetti,1985-07-03,9999-01-01,Senior Engineer
Oldrich,Cyre,1985-02-10,9999-01-01,Engineer
Heejo,Merle,1997-09-04,9999-01-01,Technique Leader
Halsur,Brodal,1997-11-22,9999-01-01,Engineer
Hongzue,Barbanera,1987-06-17,9999-01-01,Senior Staff
Ioana,Jakobus,1990-08-10,9999-01-01,Engineer
Heather,Pehl,1993-09-15,9999-01-01,Staff
Stabislas,Pardalos,1989-06-21,9999-01-01,Engineer
Pascal,Bernatsky,1988-09-03,9999-01-01,Senior Staff
Anyuan,Hanratty,1988-01-06,9999-01-01,Senior Staff
Shaowei,Nicolson,1986-12-07,9999-01-01,Senior Staff
Mountaz,Reinhart,2001-07-03,9999-01-01,Engineer
Mariusz,Zolotykh,1990-07-28,9999-01-01,Senior Staff
Weiwu,Butner,1995-02-14,9999-01-01,Staff
Przemyslawa,Esposito,1992-02-27,9999-01-01,Engineer
Xiaoqiang,Farrow,1997-01-01,9999-01-01,Staff
Palash,Gammage,1987-10-23,9999-01-01,Senior Staff
Xiahua,Gomatam,1989-12-01,9999-01-01,Senior Engineer
Shuichi,Marrakchi,1990-08-21,9999-01-01,Senior Staff
Conal,Magliocco,1992-05-09,9999-01-01,Senior Staff
Stepehn,Bouloucos,1993-12-13,9999-01-01,Senior Staff
Mingdong,Baar,1991-10-14,9999-01-01,Technique Leader
Vugranam,Beausoleil,1998-05-14,9999-01-01,Staff
Reinhold,Rahier,1997-10-09,9999-01-01,Engineer
Hatem,Birsak,1989-04-10,9999-01-01,Senior Staff
Sasan,Brookner,1996-09-03,9999-01-01,Senior Staff
Dzung,Pargas,1990-05-17,9999-01-01,Technique Leader
Masako,Kornatzky,1987-08-29,9999-01-01,Senior Engineer
Jianhua,Huttel,1998-02-23,9999-01-01,Engineer
Berni,Assaf,1989-09-08,9999-01-01,Senior Staff
Mark,Lindqvist,1990-11-22,9999-01-01,Engineer
Gila,Ramsak,1997-05-13,9999-01-01,Senior Engineer
Volkmar,Czaja,1992-04-01,9999-01-01,Senior Staff
Mrinalini,Holburn,1987-05-23,9999-01-01,Senior Staff
Chinho,Bottner,1985-07-29,9999-01-01,Assistant Engineer
Mayuko,Vural,1997-12-24,9999-01-01,Staff
Lorien,Lagarias,1985-10-10,9999-01-01,Senior Staff
Tamiya,Reutenauer,1992-04-10,9999-01-01,Senior Engineer
Pramod,Bierman,1997-12-12,9999-01-01,Engineer
Piyush,Gill,1995-02-20,9999-01-01,Engineer
Hideo,Buchter,1999-05-01,9999-01-01,Staff
Danny,Lowrie,1995-09-13,9999-01-01,Technique Leader
Shakhar,Ranze,1999-05-29,9999-01-01,Staff
Atreye,Kabayashi,1986-12-15,9999-01-01,Senior Engineer
Mingsen,Lally,1990-12-04,9999-01-01,Senior Engineer
Mechthild,Zongker,1993-07-26,9999-01-01,Senior Staff
Fusako,Schwartzbauer,1985-04-07,9999-01-01,Senior Staff
Zdislav,Solares,1990-12-14,9999-01-01,Assistant Engineer
Baoqiu,Tomescu,1996-05-01,9999-01-01,Senior Engineer
Leandro,Swist,1991-01-06,9999-01-01,Senior Staff
Noritoshi,Bakhtari,1993-02-03,9999-01-01,Senior Staff
Bogdan,Bahi,1999-02-13,9999-01-01,Engineer
Navid,Staudhammer,1992-10-18,9999-01-01,Senior Staff
Kensei,Salverda,1993-05-25,9999-01-01,Engineer
Susuma,Kleiser,1987-08-02,9999-01-01,Senior Staff
Miquel,Halloran,1994-01-14,9999-01-01,Senior Staff
Fan,Marsiglia,1989-09-03,9999-01-01,Engineer
Zsolt,Anily,1985-08-19,9999-01-01,Senior Staff
Sumant,Nishimukai,1991-03-28,9999-01-01,Senior Staff
Zvonko,Serdy,1987-06-24,9999-01-01,Senior Staff
Anwar,Gubsky,1993-08-09,9999-01-01,Senior Staff
Mart,Plumb,1986-04-21,9999-01-01,Senior Staff
Mokhtar,Sabnani,1997-02-04,9999-01-01,Senior Staff
Moie,Tempesti,1991-06-29,9999-01-01,Senior Staff
Susuma,Tagansky,1995-01-22,9999-01-01,Engineer
Jordanka,Axelband,1994-06-27,9999-01-01,Senior Staff
Irena,Kaiserswerth,1987-09-05,9999-01-01,Senior Staff
Narain,Mikschl,1997-11-02,9999-01-01,Engineer
LiMin,Teitelbaum,1990-11-01,9999-01-01,Engineer
Naftali,Kragelund,1987-05-16,9999-01-01,Senior Staff
Ulises,Frolund,1986-07-26,9999-01-01,Senior Staff
Shunichi,Baer,1998-02-04,9999-01-01,Staff
Dannz,Zhang,1991-06-26,9999-01-01,Senior Staff
Taisook,Kampfer,1997-11-30,9999-01-01,Engineer
Odoardo,Tyugu,1994-11-07,9999-01-01,Engineer
Tsutomu,Neiman,1996-07-31,9999-01-01,Senior Staff
Gully,Mitchem,1986-01-22,9999-01-01,Senior Staff
Surveyors,Muhling,1999-07-19,9999-01-01,Engineer
Mitsuyuki,Isard,2002-02-27,9999-01-01,Engineer
Holgard,Hegner,1993-07-15,9999-01-01,Senior Staff
Minghong,Candan,1994-02-10,9999-01-01,Assistant Engineer
Divine,Hofmeyr,1989-04-14,9999-01-01,Technique Leader
Brigham,Asmuth,1989-01-23,9999-01-01,Engineer
Wayne,Baba,1998-03-07,9999-01-01,Engineer
Hongzhu,Beetstra,1997-08-18,9999-01-01,Senior Staff
Gunilla,Matzen,1990-12-28,9999-01-01,Senior Staff
Mingsen,Weiland,1995-10-12,9999-01-01,Staff
Prodip,Ritcey,1986-09-10,9999-01-01,Senior Staff
Ranga,Waymire,1997-01-27,9999-01-01,Senior Staff
Yefim,Pettey,1993-08-07,9999-01-01,Senior Staff
Satyanarayana,Brandsma,1999-12-08,9999-01-01,Engineer
Vojin,Laventhal,1991-10-18,9999-01-01,Engineer
Limsoon,Leppanen,1993-01-21,9999-01-01,Engineer
Shen,Yamaashi,1995-02-19,9999-01-01,Staff
Ayakannu,Heinisuo,1986-06-28,9999-01-01,Senior Staff
Jiann,Munro,1988-05-18,9999-01-01,Senior Engineer
Uma,Prampolini,1991-02-21,9999-01-01,Engineer
Holgard,Stavenow,1986-02-28,9999-01-01,Senior Staff
Mari,Swick,1991-04-08,9999-01-01,Senior Staff
Sajjad,Vecchi,1993-06-02,9999-01-01,Senior Staff
Isaac,Klerer,1995-03-19,9999-01-01,Senior Staff
Atilio,Randi,1988-07-02,9999-01-01,Engineer
Hideyuki,Flanders,1988-11-10,9999-01-01,Engineer
Gift,Solares,1995-08-01,9999-01-01,Senior Staff
Alois,Sanella,1998-03-13,9999-01-01,Staff
Vitali,Rothenberg,1989-10-04,9999-01-01,Senior Staff
Uzi,Kugler,1991-01-12,9999-01-01,Senior Staff
Rayond,Schach,1995-04-22,9999-01-01,Engineer
Herbert,Itzigehl,1990-07-04,9999-01-01,Senior Engineer
Michaela,Fandrianto,1986-06-02,9999-01-01,Senior Engineer
Boaz,Bottner,1994-02-06,9999-01-01,Staff
Caolyn,Poujol,1995-12-03,9999-01-01,Technique Leader
Sudhanshu,Toyoshima,1987-08-29,9999-01-01,Senior Staff
Munenori,Shobatake,1992-01-10,9999-01-01,Senior Staff
Jaana,Werthner,1989-07-27,9999-01-01,Senior Staff
Jeanna,Ghandeharizadeh,1990-08-11,9999-01-01,Senior Engineer
Maren,DuCasse,1997-11-29,9999-01-01,Engineer
Niranjan,Debuse,1992-09-21,9999-01-01,Engineer
Chiranjit,Lyonns,1986-12-24,9999-01-01,Assistant Engineer
Niteen,Ebeling,1988-03-29,9999-01-01,Senior Staff
Lenore,Badache,1998-11-24,9999-01-01,Staff
Jahangir,Hofting,1986-09-28,9999-01-01,Senior Staff
Kish,Herbst,1996-08-18,9999-01-01,Staff
Heeju,Lorys,1986-12-27,9999-01-01,Engineer
Zijian,Covnot,1994-09-13,9999-01-01,Assistant Engineer
Khosrow,Sommen,1990-03-03,9999-01-01,Senior Engineer
Parke,Staylopatis,1993-07-31,9999-01-01,Engineer
Masanao,Papastamatiou,1985-11-25,9999-01-01,Engineer
Alper,Shinomoto,1997-10-20,9999-01-01,Engineer
Nahla,Serdy,1993-09-09,9999-01-01,Senior Staff
Xinglin,Haldar,1988-07-20,9999-01-01,Senior Staff
Nahum,Codenie,1999-06-14,9999-01-01,Engineer
Zijian,Lammel,1996-07-01,9999-01-01,Staff
Fay,Bellmore,1989-05-03,9999-01-01,Engineer
Ishfaq,Mahmud,1991-11-29,9999-01-01,Senior Staff
Pintsang,Fujisawa,1996-04-16,9999-01-01,Senior Staff
Duri,Beznosov,1988-02-15,9999-01-01,Senior Engineer
Oksana,Redmiles,1985-06-22,9999-01-01,Engineer
Theron,Ressouche,1988-08-17,9999-01-01,Engineer
Martijn,Azevdeo,1988-02-10,9999-01-01,Senior Engineer
Gal,Ranta,1992-11-07,9999-01-01,Engineer
Moto,Kobara,1991-12-12,9999-01-01,Engineer
Anneke,Hammerschmidt,1996-01-30,9999-01-01,Engineer
Xiaocheng,Kumaresan,1994-10-03,9999-01-01,Staff
Lena,Kohling,1986-10-04,9999-01-01,Engineer
Kellyn,Bage,1994-11-04,9999-01-01,Senior Staff
Arnould,Buescher,1998-03-26,9999-01-01,Engineer
Utpal,Zaumen,1991-02-25,9999-01-01,Senior Staff
Jaques,Nanard,1996-07-16,9999-01-01,Staff
Toshimitsu,Seuren,1995-01-19,9999-01-01,Senior Staff
Behnaam,Bierbaum,1999-01-31,9999-01-01,Engineer
Nahum,Nishimukai,1994-07-29,9999-01-01,Engineer
Sigeru,Versino,1998-08-31,9999-01-01,Engineer
Woody,Trelles,1996-05-23,9999-01-01,Senior Engineer
Steve,Dengi,1999-09-15,9999-01-01,Staff
Youjian,Felder,1993-07-15,9999-01-01,Senior Staff
Elliott,Speer,1998-08-08,9999-01-01,Engineer
Shigeaki,Gihr,1994-03-18,9999-01-01,Engineer
Jovan,Hockney,1990-06-21,9999-01-01,Engineer
Sailaja,Negoita,1988-01-20,9999-01-01,Assistant Engineer
Aamod,Ranka,1992-12-07,9999-01-01,Senior Staff
Vidar,Ozeki,1996-06-17,9999-01-01,Technique Leader
Randi,Munos,1990-09-07,9999-01-01,Senior Staff
Troy,Kobuchi,1991-02-12,9999-01-01,Engineer
Kauko,Narwekar,1985-12-16,9999-01-01,Engineer
Shay,Heystek,1989-04-01,9999-01-01,Senior Staff
Masoud,Asmuth,1994-09-05,9999-01-01,Staff
Yifei,Birjandi,1994-02-07,9999-01-01,Senior Staff
Cristinel,Gerlach,1996-01-09,9999-01-01,Engineer
Susumu,Swiss,1991-11-15,9999-01-01,Senior Staff
Horward,Khasidashvili,1998-11-19,9999-01-01,Senior Engineer
Bedrich,Rosenbaum,1991-01-27,9999-01-01,Engineer
Bowen,Narwekar,1985-03-08,9999-01-01,Senior Engineer
Fai,Maccarone,1985-10-30,9999-01-01,Senior Staff
Soenke,Lemarechal,1994-09-04,9999-01-01,Senior Staff
Hilari,Vecchio,1993-04-24,9999-01-01,Senior Staff
Zijian,Rindone,1989-07-09,9999-01-01,Senior Staff
Boalin,Byoun,1990-10-01,9999-01-01,Senior Staff
Kwangjo,Menhardt,1996-01-11,9999-01-01,Engineer
Gregory,Collavizza,1987-09-09,9999-01-01,Senior Staff
Shaowen,Poulakidas,1987-04-15,9999-01-01,Senior Staff
Tsvetan,Sherertz,1989-08-07,9999-01-01,Assistant Engineer
Shigehiro,Oxenboll,1986-02-26,9999-01-01,Senior Engineer
Lalit,Blokdijk,1999-02-01,9999-01-01,Senior Engineer
Danai,Trelles,1997-08-26,9999-01-01,Technique Leader
Siamak,Gomatam,1998-07-08,9999-01-01,Engineer
Faiza,Bach,1999-09-13,9999-01-01,Engineer
Menkae,Showalter,1996-08-09,9999-01-01,Engineer
Khatoun,Pulkowski,2002-01-09,9999-01-01,Engineer
Masaru,Huhdanpaa,1996-11-23,9999-01-01,Engineer
Hongzue,Zultner,1990-02-22,9999-01-01,Senior Staff
Georgi,Bednarek,1994-03-02,9999-01-01,Engineer
Bernd,Thummel,1989-08-03,9999-01-01,Assistant Engineer
Ziya,Tokunaga,1986-01-08,9999-01-01,Engineer
Hideyuki,Slaats,1987-05-30,9999-01-01,Senior Staff
Syozo,Maliniak,1993-06-06,9999-01-01,Senior Staff
Moti,Steenbeek,1987-01-22,9999-01-01,Engineer
Fumiya,Griswold,1986-06-12,9999-01-01,Engineer
Sanjay,Litecky,1995-08-27,9999-01-01,Engineer
Jungsoon,Bail,1986-02-18,9999-01-01,Senior Staff
Takanari,Ermel,1992-01-11,9999-01-01,Senior Staff
Marl,Fiebach,1994-07-26,9999-01-01,Senior Staff
Claudi,Ruemmler,1999-08-13,9999-01-01,Staff
Siddarth,Rosiles,1985-11-18,9999-01-01,Senior Engineer
Ashish,Candan,1992-02-02,9999-01-01,Senior Staff
Hironobu,Brodie,1998-12-21,9999-01-01,Engineer
Vesna,Lammel,1999-10-08,9999-01-01,Assistant Engineer
Caolyn,Ozeri,1986-07-29,9999-01-01,Engineer
Fun,Keirsey,1985-07-09,9999-01-01,Senior Staff
Kauko,Fujisawa,1987-09-13,9999-01-01,Engineer
Xuejun,Pfau,1985-07-24,9999-01-01,Senior Staff
Jacopo,Bellone,1988-03-13,9999-01-01,Technique Leader
Moon,Pews,1994-08-06,9999-01-01,Assistant Engineer
Eben,Calkin,1996-12-19,9999-01-01,Senior Staff
Val,Barvinok,1990-01-02,9999-01-01,Assistant Engineer
Chiranjit,Serot,1997-04-04,9999-01-01,Staff
Kankanahalli,Ciolek,1989-12-26,9999-01-01,Senior Staff
Shaz,Driscoll,1998-10-03,9999-01-01,Staff
Mariangiola,Heyers,1992-08-04,9999-01-01,Technique Leader
Charmane,Simmen,1989-03-07,9999-01-01,Senior Staff
Dipayan,Geffroy,1987-09-17,9999-01-01,Senior Engineer
Palash,Spieker,1991-05-11,9999-01-01,Senior Staff
Kamakshi,Bahl,1987-12-22,9999-01-01,Senior Engineer
Lokesh,Saoudi,1999-05-25,9999-01-01,Senior Staff
Cathie,Ratnakar,1996-06-23,9999-01-01,Senior Staff
Irena,Terkki,1998-03-11,9999-01-01,Staff
Marc,Bahl,1997-06-18,9999-01-01,Assistant Engineer
Sailaja,Fujisaki,1995-07-24,9999-01-01,Assistant Engineer
King,Benzmuller,1986-09-04,9999-01-01,Engineer
Florina,Litecky,1985-12-02,9999-01-01,Senior Staff
Zita,Syang,1998-12-29,9999-01-01,Staff
Fumitake,Sichman,1991-02-21,9999-01-01,Senior Staff
Luisa,Itzfeldt,1997-01-23,9999-01-01,Engineer
Denny,Shobatake,1997-06-22,9999-01-01,Senior Staff
Patricio,Itzfeldt,1985-05-21,9999-01-01,Senior Staff
Hilari,Christ,1996-10-07,9999-01-01,Senior Staff
Angus,Jullig,1989-04-13,9999-01-01,Engineer
Kamakshi,Manders,1995-08-05,9999-01-01,Staff
Poornachandra,Asser,1993-11-07,9999-01-01,Engineer
Bodo,Halevi,1996-05-30,9999-01-01,Engineer
Danae,Kragelund,1987-05-20,9999-01-01,Senior Staff
Oguz,Schurmann,1986-11-11,9999-01-01,Assistant Engineer
Martins,Shokrollahi,1986-11-04,9999-01-01,Engineer
Florian,Uhrig,1987-01-31,9999-01-01,Senior Staff
Yannik,Falco,1988-01-15,9999-01-01,Technique Leader
Shigehito,Duclos,1987-09-20,9999-01-01,Engineer
Kersti,Granlund,1995-03-19,9999-01-01,Engineer
Subhada,Janetzko,1987-01-25,9999-01-01,Senior Engineer
Jeanna,Rettelbach,1990-02-14,9999-01-01,Engineer
Weidon,Pollacia,2002-03-24,9999-01-01,Senior Staff
Toshimitsu,Sluis,1985-02-18,9999-01-01,Senior Engineer
Deborah,Kaminger,1988-06-04,9999-01-01,Senior Staff
Krisda,Hainaut,1995-07-08,9999-01-01,Senior Staff
Jeanna,Bratten,1990-07-26,9999-01-01,Engineer
Valery,Babb,1998-10-19,9999-01-01,Senior Engineer
Zengping,Kakkar,1988-07-22,9999-01-01,Engineer
Anestis,Setlzner,1985-07-13,9999-01-01,Engineer
Eberhardt,Spelt,1997-07-05,9999-01-01,Staff
Manu,Junet,1991-04-20,9999-01-01,Senior Staff
Basem,Beausoleil,1998-03-16,9999-01-01,Engineer
Morris,Fargier,1988-06-29,9999-01-01,Senior Staff
Yechezkel,Yurov,2001-11-16,9999-01-01,Senior Engineer
Georgi,Portugali,1987-09-27,9999-01-01,Technique Leader
Marek,Tomescu,1995-05-15,9999-01-01,Engineer
Parviz,Picco,1995-04-16,9999-01-01,Engineer
Malu,Ossenbruggen,1986-11-21,9999-01-01,Senior Staff
Alexius,Crouzet,1999-10-05,9999-01-01,Staff
Tommaso,Raczkowsky,1996-08-29,9999-01-01,Staff
Fei,Erez,1988-04-02,9999-01-01,Engineer
Shridhar,Chleq,1986-03-22,9999-01-01,Assistant Engineer
Geoffrey,Ladret,1994-01-03,9999-01-01,Engineer
Irene,Sethi,2000-08-12,9999-01-01,Senior Engineer
Tsz,Daescu,1994-09-28,9999-01-01,Staff
Uno,Solares,1994-09-22,9999-01-01,Senior Staff
Mayuri,Werthner,2001-02-20,9999-01-01,Senior Staff
Yongqiao,Cochrane,1986-10-27,9999-01-01,Senior Staff
Jolita,Claffy,1993-12-24,9999-01-01,Senior Engineer
Willard,Verspoor,1999-02-28,9999-01-01,Engineer
Dekang,Tsunoo,1995-01-19,9999-01-01,Technique Leader
Frazer,Candan,1999-03-05,9999-01-01,Senior Engineer
Divier,Ishibashi,1989-09-22,9999-01-01,Engineer
Xiadong,McClurg,1985-09-17,9999-01-01,Senior Staff
Duri,Mitina,1990-03-04,9999-01-01,Engineer
Kazuhisa,Riesenhuber,1992-10-06,9999-01-01,Senior Engineer
Gudjon,Kalorkoti,1994-04-14,9999-01-01,Engineer
Ronnie,Denos,1992-06-08,9999-01-01,Engineer
Koichi,Grabner,2000-04-05,9999-01-01,Senior Engineer
Otmar,Brandsma,1987-05-28,9999-01-01,Engineer
Martine,Cangellaris,1992-04-28,9999-01-01,Engineer
Goncalo,Barbanera,1996-09-01,9999-01-01,Senior Staff
Mitsuyuki,Jeansoulin,1999-10-28,9999-01-01,Senior Engineer
Leen,Peak,1999-11-20,9999-01-01,Engineer
Hsiangchu,Taubenfeld,1993-04-17,9999-01-01,Senior Staff
Mototsugu,Prampolini,1988-06-12,9999-01-01,Senior Staff
Remco,Duclos,1988-04-18,9999-01-01,Senior Staff
Harjit,Ernst,1992-04-26,9999-01-01,Technique Leader
Mohamadou,Grabner,1991-11-25,9999-01-01,Senior Staff
Marco,Jahnichen,1995-03-28,9999-01-01,Senior Staff
Tadanori,Msuda,1993-02-20,9999-01-01,Engineer
Wuxu,Kuhnemann,1997-08-19,9999-01-01,Engineer
Bernd,Anick,1988-11-19,9999-01-01,Senior Engineer
Elliott,Copas,1994-09-13,9999-01-01,Engineer
Ipke,Schneeberger,1985-09-20,9999-01-01,Engineer
Chinho,Delgrande,1996-11-07,9999-01-01,Senior Staff
Dayanand,Wielonsky,1999-02-28,9999-01-01,Staff
Juyoung,Willoner,1989-11-03,9999-01-01,Senior Staff
Juyoung,Peltason,1998-09-01,9999-01-01,Assistant Engineer
Shigeo,Emmart,1995-12-24,9999-01-01,Assistant Engineer
Conal,Shackell,1995-02-23,9999-01-01,Senior Staff
Mrinalini,Bierbaum,1986-03-12,9999-01-01,Engineer
Alain,Lieberherr,1987-05-11,9999-01-01,Engineer
Nectarios,Itschner,1990-03-02,9999-01-01,Engineer
Adamantios,Heemskerk,1986-08-08,9999-01-01,Senior Staff
Kannan,Meriste,1992-08-12,9999-01-01,Senior Engineer
Nathalie,Luke,1987-09-16,9999-01-01,Assistant Engineer
Tokuyasu,Xiaoshan,1991-09-19,9999-01-01,Engineer
Gio,Orsini,1988-12-07,9999-01-01,Senior Staff
Shooichi,Vandervoorde,1996-08-16,9999-01-01,Engineer
Bouchung,Zaumen,1999-01-29,9999-01-01,Senior Staff
Josyula,Motley,1996-03-26,9999-01-01,Senior Engineer
Oscar,Oppitz,2002-07-27,9999-01-01,Senior Staff
Arvin,Pusterhofer,1995-03-02,9999-01-01,Engineer
Danel,Petereit,1985-02-21,9999-01-01,Engineer
Kazuhiko,Gornas,1993-05-20,9999-01-01,Senior Engineer
Kazuhide,Snedden,1996-06-14,9999-01-01,Senior Engineer
Michaela,Otillio,1994-01-05,9999-01-01,Engineer
Arunachalam,Magliocco,1987-12-23,9999-01-01,Senior Staff
Ymte,Dalton,1992-11-22,9999-01-01,Senior Staff
Heon,Broomell,1998-05-06,9999-01-01,Staff
Ung,Orlowski,1991-07-22,9999-01-01,Senior Staff
Susuma,Kitsuregawa,1985-05-28,9999-01-01,Engineer
Mariangiola,Bolsens,1985-06-15,9999-01-01,Senior Staff
Mabhin,Eastman,1989-08-02,9999-01-01,Senior Staff
Frazer,Barbanera,1986-11-04,9999-01-01,Senior Staff
Willard,Morrin,1996-05-27,9999-01-01,Senior Staff
Raimond,Solovay,1997-10-03,9999-01-01,Staff
Shawna,Krider,1990-03-09,9999-01-01,Senior Staff
Khosrow,Erez,1990-02-11,9999-01-01,Senior Staff
Shigeaki,Butner,1996-07-13,9999-01-01,Senior Staff
Garnik,Randt,1989-12-23,9999-01-01,Senior Staff
Zhaofang,Falster,1994-06-29,9999-01-01,Senior Staff
Mariangiola,Bashian,1999-09-18,9999-01-01,Engineer
Renny,Bednarek,1987-06-01,9999-01-01,Senior Staff
Shichao,Thiria,1989-01-11,9999-01-01,Assistant Engineer
Kenton,Miara,2002-03-13,9999-01-01,Engineer
Jagoda,Uhrig,1995-09-01,9999-01-01,Engineer
Takushi,Strehl,1988-10-04,9999-01-01,Senior Staff
Uma,Stranks,1991-09-13,9999-01-01,Senior Staff
Joydip,Krone,1995-02-08,9999-01-01,Engineer
Tsutomu,Tetzlaff,1987-09-24,9999-01-01,Senior Staff
Constantijn,Lichtman,1994-06-26,9999-01-01,Senior Staff
Heping,Monarch,1988-04-15,9999-01-01,Senior Staff
Mariusz,Tokunaga,1985-02-11,9999-01-01,Senior Engineer
Seshu,Kolvik,1988-12-09,9999-01-01,Technique Leader
Danco,Luff,1997-10-30,9999-01-01,Engineer
Kagan,Dredge,1994-02-26,9999-01-01,Engineer
Changho,Veevers,1997-03-03,9999-01-01,Senior Staff
Theron,Itschner,1985-05-16,9999-01-01,Senior Staff
Jacqueline,Zallocco,1987-12-17,9999-01-01,Senior Staff
Xuejun,Reeker,1988-11-18,9999-01-01,Senior Staff
Vasilis,Waleschkowski,1996-05-26,9999-01-01,Engineer
Moni,Staudhammer,1999-03-23,9999-01-01,Engineer
Alagu,Vieri,1986-08-23,9999-01-01,Senior Staff
Paddy,Zumaque,1995-11-12,9999-01-01,Senior Staff
Yongdong,Jiang,1995-01-31,9999-01-01,Senior Staff
Paris,Range,1989-10-25,9999-01-01,Senior Staff
Guther,Conia,1999-02-13,9999-01-01,Engineer
Jahangir,Kroft,1990-06-11,9999-01-01,Senior Staff
Shahaf,Luce,1999-04-06,9999-01-01,Senior Staff
Kaijung,Mateescu,1987-11-18,9999-01-01,Senior Staff
Supot,Badache,1996-08-17,9999-01-01,Engineer
Danco,Rajala,1991-03-29,9999-01-01,Senior Staff
Zejun,Broomell,1995-01-19,9999-01-01,Engineer
Karsten,Kawashima,1994-03-15,9999-01-01,Engineer
Huican,Lunn,1986-07-23,9999-01-01,Senior Staff
Gaurav,Fendler,1992-02-15,9999-01-01,Senior Staff
Sandeepan,Kulisch,1997-05-16,9999-01-01,Engineer
Gopalakrishnan,Mawatari,1997-12-07,9999-01-01,Senior Staff
Weijing,Viele,1985-10-03,9999-01-01,Engineer
Utpal,Kemmerer,1986-12-04,9999-01-01,Senior Staff
Mamdouh,Ramamoorthy,2000-01-13,9999-01-01,Senior Engineer
Feiyu,Hemaspaandra,1995-06-04,9999-01-01,Staff
Torsten,Ranta,1995-07-03,9999-01-01,Engineer
Jaques,Navazio,1989-04-04,9999-01-01,Senior Staff
Haldun,Compeau,1997-10-15,9999-01-01,Senior Staff
Jaques,Gecsei,1999-07-13,9999-01-01,Staff
Adil,Kieras,1992-07-20,9999-01-01,Senior Engineer
Ronghao,Alpin,1991-09-11,9999-01-01,Senior Staff
Jamaludin,Kalorkoti,1998-09-06,9999-01-01,Senior Staff
Hatsukazu,Rosca,1993-08-02,9999-01-01,Senior Staff
Ghassan,Androutsos,1987-12-26,9999-01-01,Senior Staff
Theron,Billawala,1989-02-17,9999-01-01,Assistant Engineer
Hugh,Senzako,1992-10-15,9999-01-01,Technique Leader
Kazuyasu,Schmiedel,1985-09-07,9999-01-01,Senior Staff
Mona,Luck,1989-05-11,9999-01-01,Senior Staff
Alassane,Wolniewicz,1993-11-09,9999-01-01,Engineer
Seshu,Hiraishi,1994-08-10,9999-01-01,Senior Staff
Limsoon,Roohalamini,1986-11-26,9999-01-01,Senior Staff
Subhada,Emmerich,1996-03-06,9999-01-01,Engineer
Yongqiao,Francisci,1999-12-01,9999-01-01,Engineer
Bartek,Vendrig,1992-06-06,9999-01-01,Senior Staff
Fumiya,Chappelet,1992-09-03,9999-01-01,Assistant Engineer
Ung,Honglei,1986-09-02,9999-01-01,Senior Staff
Ranan,Marsiglia,1999-08-13,9999-01-01,Staff
Renny,Gladwell,1999-02-27,9999-01-01,Staff
Erzsebet,Setiz,1993-06-10,9999-01-01,Engineer
Xiong,Roisin,1988-03-01,9999-01-01,Engineer
Janalee,Lanzelotte,1997-12-01,9999-01-01,Senior Staff
Kersti,Marsiglia,1994-02-19,9999-01-01,Engineer
Khalil,Gien,1991-08-06,9999-01-01,Senior Engineer
Masamitsu,Back,1993-04-12,9999-01-01,Senior Staff
Visit,Thiran,1986-11-14,9999-01-01,Engineer
Hideo,Varman,1997-06-19,9999-01-01,Engineer
Poorav,Ranst,1996-06-01,9999-01-01,Senior Engineer
Adamantios,Matzat,1987-03-01,9999-01-01,Senior Staff
Arfst,Uehara,1994-07-10,9999-01-01,Senior Staff
Alair,Straney,1986-11-15,9999-01-01,Senior Staff
Kwangjo,Hiltgen,1998-12-22,9999-01-01,Engineer
Arve,Bergere,1987-07-28,9999-01-01,Engineer
Nitsan,Nollmann,1993-09-29,9999-01-01,Engineer
Takahiro,Maquelin,1997-07-21,9999-01-01,Engineer
Flemming,Driscoll,1994-05-28,9999-01-01,Engineer
Toshiko,Ibel,1996-11-23,9999-01-01,Senior Engineer
Qunsheng,Birrer,1986-05-13,9999-01-01,Senior Staff
Bojan,Montresor,1995-02-04,9999-01-01,Staff
Tomofumi,Serna,1999-10-23,9999-01-01,Staff
Make,Olivero,1991-06-01,9999-01-01,Assistant Engineer
Keiichiro,Miyakawa,1993-09-12,9999-01-01,Senior Staff
Takushi,Skogmar,1985-06-07,9999-01-01,Senior Staff
Sahrah,Rosis,1994-06-24,9999-01-01,Engineer
Brigham,Borstler,1995-10-09,9999-01-01,Staff
Moie,Lieblein,1996-07-12,9999-01-01,Staff
Kazuhide,Fiutem,1992-05-10,9999-01-01,Senior Staff
Feixiong,Schurmann,1987-02-15,9999-01-01,Senior Staff
Berthier,Pramanik,1993-01-23,9999-01-01,Senior Staff
Conal,Basart,1991-05-17,9999-01-01,Senior Staff
Genta,Pepe,1994-04-12,9999-01-01,Senior Staff
Dietrich,Kranzdorf,1992-10-04,9999-01-01,Senior Staff
Olivera,Bharadwaj,1992-04-01,9999-01-01,Senior Staff
Hercules,Speer,1994-03-07,9999-01-01,Engineer
Subir,Greibach,1992-05-24,9999-01-01,Senior Engineer
Ohad,Henders,1990-11-03,9999-01-01,Senior Staff
Wojceich,Limongiello,1988-03-10,9999-01-01,Senior Staff
Feixiong,Haraldson,1998-10-11,9999-01-01,Staff
Dines,DeMori,1987-12-07,9999-01-01,Senior Staff
Kazuhide,Biran,1995-01-25,9999-01-01,Senior Staff
Sumant,Thambidurai,1996-08-24,9999-01-01,Senior Staff
Erez,Luft,1994-12-14,9999-01-01,Staff
Kerhong,Lorho,2001-03-17,9999-01-01,Staff
Lena,Giaccio,2001-10-03,9999-01-01,Senior Staff
Rasikan,Barreiro,1991-09-27,9999-01-01,Senior Staff
Lidong,Swist,1999-09-16,9999-01-01,Engineer
Mari,Plessier,1997-07-04,9999-01-01,Senior Engineer
Kousuke,Levasseur,1990-03-16,9999-01-01,Senior Staff
Gunilla,Kisuki,1994-08-14,9999-01-01,Senior Staff
Douadi,Sullins,1999-09-25,9999-01-01,Senior Staff
Sandeepan,Rosti,1991-11-26,9999-01-01,Senior Engineer
Tzvetan,Scharstein,1994-06-16,9999-01-01,Senior Staff
Snehasis,Kalsbeek,1988-01-06,9999-01-01,Senior Staff
Filipp,Hasham,1996-10-14,9999-01-01,Senior Staff
Fabrizio,Usery,1992-10-13,9999-01-01,Senior Staff
Miquel,Legleitner,1985-06-28,9999-01-01,Senior Staff
Chinho,Collette,1995-10-09,9999-01-01,Senior Engineer
Leszek,Marchegay,1999-06-13,9999-01-01,Engineer
Claudi,Heijenga,1988-08-30,9999-01-01,Senior Staff
Ravishankar,Baig,1992-03-17,9999-01-01,Senior Staff
Martijn,DiGiano,1990-06-15,9999-01-01,Senior Engineer
Zengping,Cusworth,1991-06-07,9999-01-01,Engineer
Navid,Luke,1994-10-17,9999-01-01,Engineer
Mona,Hebden,1995-10-20,9999-01-01,Engineer
Siddarth,Masada,1997-08-11,9999-01-01,Staff
Aksel,Gire,1999-06-27,9999-01-01,Engineer
Christfried,Atrawala,1998-11-29,9999-01-01,Senior Staff
Marke,Klerer,1990-04-14,9999-01-01,Senior Staff
Shaw,Kading,1992-07-16,9999-01-01,Senior Staff
Vatsa,Ramsay,2000-06-16,9999-01-01,Senior Staff
Heping,Skrikant,1990-11-27,9999-01-01,Senior Staff
Kousuke,Worfolk,1988-03-22,9999-01-01,Senior Staff
Irena,Cesareni,1985-10-30,9999-01-01,Senior Staff
Prasadram,Bultermann,1998-10-25,9999-01-01,Senior Engineer
Udi,Rullman,1994-04-09,9999-01-01,Senior Engineer
Berna,Schonegge,1998-06-28,9999-01-01,Staff
Eldridge,Kawashima,1990-02-27,9999-01-01,Engineer
Heping,Peac,1985-03-20,9999-01-01,Senior Staff
Oscar,Baumann,1987-01-22,9999-01-01,Engineer
Van,Nations,1986-08-11,9999-01-01,Technique Leader
Gaurav,Roison,1991-07-12,9999-01-01,Senior Staff
Masako,Dechter,1985-09-25,9999-01-01,Technique Leader
Ebru,Valtorta,1992-12-09,9999-01-01,Engineer
Fay,Cochrane,1999-12-13,9999-01-01,Staff
Hercules,Kabayashi,1991-06-10,9999-01-01,Senior Engineer
DAIDA,Nooteboom,1985-11-24,9999-01-01,Engineer
Takahiro,Dalton,1992-09-30,9999-01-01,Technique Leader
Aram,Passino,1995-01-28,9999-01-01,Senior Engineer
Dannz,Miara,1992-12-04,9999-01-01,Engineer
Gennady,Rouquie,1989-08-24,9999-01-01,Senior Staff
Aleksander,Schaaf,2000-01-10,9999-01-01,Senior Staff
Kirk,Zongker,1999-12-10,9999-01-01,Staff
Stabislas,Kakkad,1989-02-19,9999-01-01,Senior Staff
Paris,Restivo,1986-11-21,9999-01-01,Engineer
Make,Heuser,1988-07-02,9999-01-01,Engineer
Martijn,Jeong,1990-12-14,9999-01-01,Senior Staff
Kamakshi,Hebert,1997-01-17,9999-01-01,Engineer
Shiv,Baezner,1990-12-17,9999-01-01,Engineer
Shiv,Vilarrasa,1990-08-01,9999-01-01,Engineer
Mong,Dichev,1997-10-11,9999-01-01,Technique Leader
Mart,Talmor,1999-05-11,9999-01-01,Staff
Chiradeep,Arlazarov,1989-10-06,9999-01-01,Engineer
Haldun,Syang,1997-02-11,9999-01-01,Staff
Jahangir,Bernatsky,1995-09-30,9999-01-01,Senior Staff
Fumitaka,Quittner,1988-04-20,9999-01-01,Senior Staff
Hinrich,Perin,1985-11-20,9999-01-01,Engineer
Selwyn,Henseler,1993-03-09,9999-01-01,Senior Engineer
Udo,Waymire,1986-06-14,9999-01-01,Technique Leader
Gill,Orlowska,1986-12-25,9999-01-01,Technique Leader
Saeed,Bahl,1991-01-29,9999-01-01,Senior Staff
DAIDA,Frolund,1987-07-17,9999-01-01,Engineer
Sedat,Rande,1995-03-25,9999-01-01,Senior Staff
Chanjung,Raoux,1992-05-25,9999-01-01,Engineer
Yuriy,Ponthieu,1991-12-11,9999-01-01,Senior Staff
Jaihie,Ozeri,1991-06-21,9999-01-01,Senior Staff
Jacopo,Krohm,1991-04-24,9999-01-01,Engineer
Bedrich,Isard,1986-06-07,9999-01-01,Senior Staff
Radhika,Bonifati,1995-03-11,9999-01-01,Senior Staff
Subir,Miake,1999-01-09,9999-01-01,Engineer
Arra,Esposito,1994-11-03,9999-01-01,Staff
Taiji,Berstel,1996-12-02,9999-01-01,Engineer
Shigeichiro,Brattka,1996-07-13,9999-01-01,Senior Staff
Fei,Gadepally,1988-11-13,9999-01-01,Assistant Engineer
Gou,Thombley,1990-11-07,9999-01-01,Senior Engineer
Alair,Nanard,1996-02-10,9999-01-01,Staff
Lobel,Aloia,1994-12-29,9999-01-01,Senior Staff
Aran,Rosenbaum,1991-04-25,9999-01-01,Senior Staff
Gao,Lally,1996-03-01,9999-01-01,Staff
Berni,Takkinen,1992-06-08,9999-01-01,Senior Staff
Chinya,Leslie,1995-10-28,9999-01-01,Engineer
Arne,Kohling,1985-12-13,9999-01-01,Engineer
Ewing,Rajala,1996-06-21,9999-01-01,Senior Staff
Fai,Keirsey,1994-10-12,9999-01-01,Engineer
Stein,Perng,1993-04-29,9999-01-01,Senior Staff
Mohammed,Georg,1998-08-03,9999-01-01,Engineer
Gina,Ossenbruggen,1998-01-03,9999-01-01,Technique Leader
Nechama,Ermel,1995-06-05,9999-01-01,Engineer
Xiaoqiu,Pietracaprina,1994-07-09,9999-01-01,Senior Engineer
Kamakshi,Schusler,1995-05-25,9999-01-01,Engineer
Mohan,Picht,1991-02-24,9999-01-01,Engineer
Soenke,Zaumen,1992-02-22,9999-01-01,Senior Staff
Luisa,Baig,1996-07-12,9999-01-01,Engineer
Qiwen,Kriebel,1987-12-13,9999-01-01,Senior Staff
Giao,DuCasse,1991-07-19,9999-01-01,Engineer
Peer,Angelopoulos,1989-07-23,9999-01-01,Engineer
Tetsurou,Schreiter,1987-07-17,9999-01-01,Senior Staff
Shounak,Dratva,1989-01-05,9999-01-01,Engineer
Gay,Plavsic,1987-08-06,9999-01-01,Senior Staff
Jinpo,Heyers,1999-01-07,9999-01-01,Staff
Sorina,Lakshmanan,1994-09-03,9999-01-01,Staff
Xumin,Beidas,1995-04-27,9999-01-01,Technique Leader
Xudong,Peck,1988-04-18,9999-01-01,Senior Engineer
Berna,Ranst,1985-05-14,9999-01-01,Engineer
Indrajit,Krogh,1998-09-18,9999-01-01,Engineer
Florian,Siepmann,1987-12-21,9999-01-01,Engineer
Foong,Gargeya,1992-01-24,9999-01-01,Engineer
Jackson,Zielinski,1997-09-12,9999-01-01,Senior Engineer
Arch,Picco,1997-10-22,9999-01-01,Senior Staff
Florian,Tramer,1999-11-07,9999-01-01,Engineer
Thanasis,Standera,1985-03-20,9999-01-01,Senior Staff
George,Atchley,1997-07-02,9999-01-01,Staff
Mabhin,Foote,1999-04-23,9999-01-01,Engineer
Shahaf,Kitai,1986-12-26,9999-01-01,Senior Staff
Ramya,Azadmanesh,1988-11-19,9999-01-01,Engineer
Val,Rissanen,1993-11-20,9999-01-01,Assistant Engineer
Pramod,Wendorf,1998-12-25,9999-01-01,Engineer
Mohit,Verhaegen,1992-05-27,9999-01-01,Senior Staff
Hirochika,Goldhammer,1998-03-12,9999-01-01,Engineer
Adly,Hambrick,1997-07-25,9999-01-01,Staff
Munehiko,Gihr,1989-12-06,9999-01-01,Senior Staff
Yoshinari,Lanteri,1996-12-25,9999-01-01,Engineer
Remzi,Mitzlaff,1986-04-06,9999-01-01,Senior Staff
Shietung,Gelosh,2001-04-01,9999-01-01,Engineer
Mrinalini,Mawatari,1996-01-03,9999-01-01,Staff
Sumali,Cooman,1993-04-18,9999-01-01,Senior Staff
Paloma,Gerlach,1988-07-26,9999-01-01,Engineer
Somnath,Cummings,1994-07-10,9999-01-01,Senior Staff
Itzchak,Penn,1999-01-21,9999-01-01,Staff
Jinxi,Schmiedel,1990-09-21,9999-01-01,Senior Staff
Ramya,Rossi,2001-09-02,9999-01-01,Senior Engineer
Jaber,Sethi,2000-06-11,9999-01-01,Technique Leader
Alenka,Barriga,1988-05-06,9999-01-01,Senior Staff
Huiqun,Henders,1993-05-19,9999-01-01,Senior Staff
Abdelghani,Nyrup,1986-08-02,9999-01-01,Senior Staff
Stafford,Gist,1988-05-07,9999-01-01,Engineer
Tokuyasu,Ghelli,1985-05-05,9999-01-01,Engineer
Vidar,Gunderson,1996-03-18,9999-01-01,Senior Staff
Shahid,Varman,1985-08-27,9999-01-01,Senior Staff
Mrinalini,Gire,1992-11-09,9999-01-01,Senior Staff
Lakshmi,Frijda,1990-04-21,9999-01-01,Engineer
Kwan,Kampfer,1998-10-16,9999-01-01,Staff
Herb,Picht,1985-05-31,9999-01-01,Assistant Engineer
Temple,Danlos,1994-06-13,9999-01-01,Senior Staff
Hiroyasu,Strandh,1989-06-05,9999-01-01,Senior Staff
Bezalel,Verhoeff,1988-03-22,9999-01-01,Engineer
Yechezkel,Nourani,1991-08-01,9999-01-01,Senior Staff
Boalin,Birsak,1995-10-16,9999-01-01,Senior Staff
Przemyslawa,Borovoy,1993-06-18,9999-01-01,Senior Staff
Nahum,Lambe,1989-08-31,9999-01-01,Technique Leader
Mariusz,Rikino,1995-04-13,9999-01-01,Engineer
Margareta,Bondorf,1988-11-07,9999-01-01,Engineer
Kiyotoshi,Hennebert,2001-03-06,9999-01-01,Staff
Sivanarayana,Chandrasekhar,1996-01-24,9999-01-01,Senior Staff
Tsuneo,Skrikant,1997-10-21,9999-01-01,Staff
Huei,Saoudi,1994-08-10,9999-01-01,Technique Leader
Kamakshi,Huhdanpaa,1993-08-26,9999-01-01,Engineer
Ranga,Lemarechal,1989-11-05,9999-01-01,Engineer
Baziley,Brookner,1993-09-22,9999-01-01,Engineer
Nadjib,Comellas,1999-01-22,9999-01-01,Engineer
Baruch,Basawa,1993-09-17,9999-01-01,Engineer
Weiyi,Codenie,1989-05-27,9999-01-01,Engineer
Aiman,Wilfing,1990-12-30,9999-01-01,Engineer
Hongzhu,Ruemmler,2000-06-06,9999-01-01,Engineer
Halsur,Ibel,1998-03-05,9999-01-01,Staff
Neven,Rikino,1988-10-21,9999-01-01,Engineer
Arif,Stranks,1992-11-16,9999-01-01,Senior Engineer
Hein,Jonsson,1985-02-12,9999-01-01,Senior Staff
Reuven,Oehlmann,1986-03-29,9999-01-01,Senior Staff
Zhiguo,Staudhammer,1985-12-03,9999-01-01,Engineer
Nigel,Zirintsis,1999-07-23,9999-01-01,Engineer
Feiyu,Decleir,1998-09-13,9999-01-01,Technique Leader
Basem,Lortz,1997-10-25,9999-01-01,Staff
Arun,Zaccaria,1990-05-31,9999-01-01,Assistant Engineer
Kazuhiko,Marshall,2001-06-04,9999-01-01,Staff
Godehard,Chinal,1995-12-09,9999-01-01,Assistant Engineer
Yahiko,Sommen,1996-08-14,9999-01-01,Senior Staff
Jungsoon,Gubsky,1990-10-09,9999-01-01,Senior Engineer
Zhenbing,Ibel,1985-10-29,9999-01-01,Senior Engineer
Weidon,Fordan,1986-03-27,9999-01-01,Senior Engineer
Hugo,Sgarro,1992-04-24,9999-01-01,Senior Staff
Khaled,Penn,1992-05-19,9999-01-01,Senior Staff
Pantung,Reeker,1992-05-11,9999-01-01,Senior Staff
Avishai,Majewski,1998-01-10,9999-01-01,Engineer
Sugwoo,Eugenio,1994-03-02,9999-01-01,Senior Staff
Mayuko,Clouatre,1997-09-04,9999-01-01,Engineer
Zongyan,Shackel,1987-08-17,9999-01-01,Technique Leader
Genevieve,Snedden,1988-10-21,9999-01-01,Senior Engineer
Fumiyo,Feinberg,2000-02-12,9999-01-01,Senior Staff
Christophe,Leaver,1998-10-31,9999-01-01,Staff
Shigeaki,Lanteri,1989-02-17,9999-01-01,Engineer
Rimon,Pietracaprina,1985-07-10,9999-01-01,Engineer
Girolamo,Schlumberger,1993-03-07,9999-01-01,Senior Staff
Khun,Spieker,1995-05-07,9999-01-01,Engineer
Reinhold,Binkley,1995-05-29,9999-01-01,Engineer
Doohun,Preusig,1993-04-28,9999-01-01,Technique Leader
Terresa,Vigier,1998-07-08,9999-01-01,Staff
Marit,Paludetto,1990-09-30,9999-01-01,Engineer
Bluma,Mundy,1991-10-18,9999-01-01,Engineer
Fumino,Narahara,1991-09-21,9999-01-01,Engineer
Doowon,Schoegge,1995-04-13,9999-01-01,Assistant Engineer
Djenana,Erol,1999-12-03,9999-01-01,Engineer
Yuichiro,Bale,1997-11-04,9999-01-01,Technique Leader
Arun,Katzenelson,1991-10-28,9999-01-01,Engineer
Shaw,Borovoy,1991-05-11,9999-01-01,Senior Staff
Pradeep,Valiente,1992-09-19,9999-01-01,Engineer
Hidekazu,Perna,1999-11-08,9999-01-01,Staff
Ewing,Kalorkoti,1996-12-21,9999-01-01,Engineer
Randi,Tomescu,1986-11-25,9999-01-01,Assistant Engineer
Kayoko,Bahi,1997-02-19,9999-01-01,Staff
Masamitsu,Murrill,1999-06-23,9999-01-01,Senior Staff
Sukumar,Georg,1990-08-26,9999-01-01,Senior Staff
Suebskul,Menhardt,1994-07-26,9999-01-01,Engineer
Uinam,Rahier,1991-02-10,9999-01-01,Senior Staff
Gaurav,Cheshire,1989-03-30,9999-01-01,Technique Leader
Deniz,Bennis,1989-06-24,9999-01-01,Engineer
Weiru,Burnard,1990-10-15,9999-01-01,Senior Staff
Shigehiro,Haldar,1991-12-14,9999-01-01,Senior Staff
Luisa,Chelton,1998-08-13,9999-01-01,Assistant Engineer
Teiji,Marrakchi,1986-08-26,9999-01-01,Senior Engineer
Haldun,Erie,1999-01-01,9999-01-01,Senior Engineer
Kwangyoen,Peck,1994-01-16,9999-01-01,Engineer
Jayson,Zockler,1999-11-06,9999-01-01,Staff
Jouni,Conia,1994-10-31,9999-01-01,Senior Staff
Shaunak,Brizzi,1988-09-02,9999-01-01,Assistant Engineer
Aral,Hebden,1991-09-10,9999-01-01,Senior Staff
Duke,Journel,1991-10-26,9999-01-01,Senior Staff
Rosita,Pokrovskii,1996-08-03,9999-01-01,Senior Staff
Hausi,Kamber,1988-02-16,9999-01-01,Engineer
Marek,Mitchem,1992-11-20,9999-01-01,Senior Engineer
Sham,Kavanagh,1997-12-18,9999-01-01,Assistant Engineer
Dung,Tanemo,1990-01-28,9999-01-01,Senior Staff
Manton,Lueh,1989-04-07,9999-01-01,Senior Staff
Perry,Cooman,1987-04-23,9999-01-01,Senior Staff
Herbert,Hammerschmidt,1996-08-22,9999-01-01,Engineer
Phule,Ruemmler,1990-08-09,9999-01-01,Engineer
Gladys,Parhami,1996-07-20,9999-01-01,Senior Staff
Keiichiro,Armand,1986-12-14,9999-01-01,Assistant Engineer
Rafael,Menhoudj,1997-04-27,9999-01-01,Senior Engineer
Munehiro,Iwayama,1986-12-16,9999-01-01,Engineer
Yoshimitsu,Litvinov,1997-11-22,9999-01-01,Senior Staff
Mahmut,Bolotov,1997-02-21,9999-01-01,Engineer
Yefim,Bernardeschi,1996-06-26,9999-01-01,Senior Staff
Geoffrey,Siochi,1998-12-27,9999-01-01,Senior Engineer
Yagil,Remmers,1994-11-01,9999-01-01,Senior Staff
Matt,Ruemmler,1993-10-14,9999-01-01,Engineer
Tonny,Kropf,1986-07-30,9999-01-01,Engineer
Zhigen,Raney,1993-05-26,9999-01-01,Senior Staff
Uno,Jayawardene,1987-11-02,9999-01-01,Senior Staff
Ekawit,Schaft,1990-05-20,9999-01-01,Senior Staff
Francoise,Hegner,1997-12-23,9999-01-01,Senior Staff
Denis,Narlikar,1991-07-01,9999-01-01,Senior Staff
Kensyu,Tsunoo,1999-12-05,9999-01-01,Engineer
Breannda,Maquelin,1996-04-12,9999-01-01,Senior Staff
Georgy,Bennis,1998-04-11,9999-01-01,Engineer
Jiong,Zultner,1993-03-10,9999-01-01,Senior Engineer
Mihalis,Remmers,1990-03-01,9999-01-01,Senior Staff
Nimmagadda,Baja,1994-02-09,9999-01-01,Senior Staff
Wuxu,Garigliano,1990-09-21,9999-01-01,Senior Staff
Kendra,Junet,1992-11-12,9999-01-01,Senior Staff
Matk,Chorvat,1999-12-04,9999-01-01,Senior Staff
Kersti,Miculan,1992-06-09,9999-01-01,Senior Staff
Satoru,Janetzko,1997-07-26,9999-01-01,Assistant Engineer
Lalit,Lindqvist,1998-11-07,9999-01-01,Engineer
Luise,Vigier,1994-07-01,9999-01-01,Engineer
Zita,Reistad,1998-07-23,9999-01-01,Senior Engineer
Younwoo,Samarati,2002-05-18,9999-01-01,Senior Engineer
Kwangsub,Keirsey,1992-02-04,9999-01-01,Senior Engineer
Panayotis,Hempstead,1994-08-29,9999-01-01,Senior Engineer
Gill,Varman,1988-06-18,9999-01-01,Senior Staff
Charmane,Pargas,1992-08-03,9999-01-01,Engineer
Gadiel,Perly,1986-10-20,9999-01-01,Senior Staff
Valeska,Cools,1993-12-16,9999-01-01,Senior Staff
Udo,Ratnakar,1999-11-30,9999-01-01,Staff
Heekeun,Verhaegen,1991-09-28,9999-01-01,Senior Engineer
Sanjoy,Porenta,1997-07-10,9999-01-01,Engineer
Goetz,McAffer,1988-02-05,9999-01-01,Engineer
Hironoby,Jakobus,1991-07-30,9999-01-01,Senior Staff
Muzhong,Berztiss,1995-01-23,9999-01-01,Senior Staff
Sachem,Msuda,1995-04-07,9999-01-01,Engineer
Leni,Kropatsch,1997-07-17,9999-01-01,Senior Engineer
Morrie,Iisaku,1991-05-06,9999-01-01,Senior Staff
Phule,Dahlbom,1989-02-06,9999-01-01,Engineer
Masasuke,Koprowski,1996-11-20,9999-01-01,Staff
Yongmao,Pouyioutas,1989-08-24,9999-01-01,Senior Staff
Pranjal,Reinhard,1995-05-08,9999-01-01,Staff
Giordano,Maquelin,1999-12-31,9999-01-01,Senior Engineer
Danco,Debuse,1993-09-10,9999-01-01,Senior Staff
Oldrich,Adachi,1998-08-09,9999-01-01,Engineer
Sanjiv,Bressoud,1993-04-27,9999-01-01,Engineer
Fayez,Keohane,1990-09-19,9999-01-01,Senior Staff
Paris,Lieblein,1999-05-19,9999-01-01,Engineer
Shuho,Laurillard,1999-10-06,9999-01-01,Technique Leader
Caolyn,Marciano,1999-06-06,9999-01-01,Senior Engineer
Naraig,Docker,1997-05-17,9999-01-01,Staff
Geraldo,Gerteisen,1987-06-05,9999-01-01,Senior Staff
Florian,Pezzoli,1988-07-22,9999-01-01,Senior Staff
Sanjay,Ciolek,1989-12-13,9999-01-01,Senior Staff
Arumugam,Pelc,1999-11-13,9999-01-01,Senior Engineer
Nechama,Kandlur,1995-01-16,9999-01-01,Engineer
Padma,Delgrange,1999-08-27,9999-01-01,Senior Staff
Danae,Honglei,1998-09-14,9999-01-01,Engineer
Baoqiu,Kakkar,1999-08-30,9999-01-01,Engineer
